TLA;SPACE;SPEED;GEAR;RPM;THROTTLE;BRAKE;DRS;TIME_0;TIME
HAM;0;296;8;10621;100;0;12;0;47288.8
HAM;3.94899;296.439;8;10634;100;0;12;0.0479927;47288.9
HAM;7.90383;296.877;8;10647;100;0;12;0.0959854;47288.9
HAM;11.8645;297.316;8;10660;100;0;12;0.143978;47289
HAM;15.8311;297.755;8;10673;100;0;12;0.191971;47289
HAM;19.8034;298.194;8;10686;100;0;12;0.239964;47289.1
HAM;23.7815;298.61;8;10699;100;0;12;0.287956;47289.1
HAM;27.7652;299.027;8;10712;100;0;12;0.335949;47289.2
HAM;31.7544;299.443;8;10726;100;0;12;0.383942;47289.2
HAM;35.7492;299.859;8;10739;100;0;12;0.431935;47289.3
HAM;39.7495;300.276;8;10753;100;0;12;0.479928;47289.3
HAM;43.7554;300.706;8;10775;100;0;12;0.527921;47289.4
HAM;47.7671;301.137;8;10798;100;0;12;0.575914;47289.4
HAM;51.7846;301.568;8;10821;100;0;12;0.623907;47289.5
HAM;55.8077;301.998;8;10844;100;0;12;0.6719;47289.5
HAM;59.8367;302.429;8;10867;100;0;12;0.719893;47289.5
HAM;63.8713;302.851;8;10873;100;0;12;0.767885;47289.6
HAM;67.9115;303.274;8;10880;100;0;12;0.815878;47289.6
HAM;71.9574;303.696;8;10886;100;0;12;0.863871;47289.7
HAM;76.0089;304.118;8;10893;100;0;12;0.911864;47289.7
HAM;80.066;304.541;8;10900;100;0;12;0.959857;47289.8
HAM;84.1286;304.939;8;10906;100;0;12;1.00785;47289.8
HAM;88.1965;305.338;8;10913;100;0;12;1.05584;47289.9
HAM;92.2697;305.736;8;10919;100;0;12;1.10384;47289.9
HAM;96.3482;306.135;8;10926;100;0;12;1.15183;47290
HAM;100.432;306.533;8;10933;100;0;12;1.19982;47290
HAM;103.856;306.841;8;10949;100;0;12;1.24001;47290.1
HAM;107.284;307.149;8;10965;100;0;12;1.28021;47290.1
HAM;110.715;307.457;8;10981;100;0;12;1.3204;47290.1
HAM;114.149;307.764;8;10997;100;0;12;1.3606;47290.2
HAM;117.587;308.072;8;11014;100;0;12;1.40079;47290.2
HAM;121.696;308.404;8;11021;100;0;12;1.44878;47290.3
HAM;125.81;308.735;8;11028;100;0;12;1.49678;47290.3
HAM;129.928;309.067;8;11036;100;0;12;1.54477;47290.4
HAM;134.051;309.398;8;11043;100;0;12;1.59276;47290.4
HAM;138.178;309.73;8;11051;100;0;12;1.64075;47290.5
HAM;142.309;310.02;8;11072;100;0;12;1.68875;47290.5
HAM;146.444;310.311;8;11093;100;0;12;1.73674;47290.6
HAM;150.582;310.601;8;11114;100;0;12;1.78473;47290.6
HAM;154.725;310.891;8;11135;100;0;12;1.83273;47290.7
HAM;158.872;311.182;8;11156;100;0;12;1.88072;47290.7
HAM;163.022;311.431;8;11151;100;0;12;1.92871;47290.8
HAM;167.175;311.681;8;11147;100;0;12;1.9767;47290.8
HAM;171.332;311.931;8;11143;100;0;12;2.0247;47290.9
HAM;175.492;312.181;8;11139;100;0;12;2.07269;47290.9
HAM;179.656;312.43;8;11135;100;0;12;2.12068;47290.9
HAM;183.822;312.642;8;11153;100;0;12;2.16868;47291
HAM;187.991;312.854;8;11172;100;0;12;2.21667;47291
HAM;192.164;313.066;8;11191;100;0;12;2.26466;47291.1
HAM;196.339;313.278;8;11210;100;0;12;2.31265;47291.1
HAM;200.516;313.49;8;11229;100;0;12;2.36065;47291.2
HAM;204.697;313.668;8;11235;100;0;12;2.40864;47291.2
HAM;208.88;313.847;8;11242;100;0;12;2.45663;47291.3
HAM;213.065;314.025;8;11249;100;0;12;2.50463;47291.3
HAM;217.252;314.204;8;11256;100;0;12;2.55262;47291.4
HAM;221.442;314.382;8;11263;100;0;12;2.60061;47291.4
HAM;225.634;314.532;8;11267;100;0;12;2.6486;47291.5
HAM;229.829;314.682;8;11271;100;0;12;2.6966;47291.5
HAM;234.025;314.832;8;11276;100;0;12;2.74459;47291.6
HAM;238.223;314.982;8;11280;100;0;12;2.79258;47291.6
HAM;242.423;315.133;8;11285;100;0;12;2.84058;47291.7
HAM;246.625;315.26;8;11287;100;0;12;2.88857;47291.7
HAM;250.829;315.387;8;11289;100;0;12;2.93656;47291.8
HAM;255.034;315.514;8;11291;100;0;12;2.98455;47291.8
HAM;259.241;315.641;8;11293;100;0;12;3.03255;47291.9
HAM;263.45;315.769;8;11296;100;0;12;3.08054;47291.9
HAM;267.66;315.878;8;11309;100;0;12;3.12853;47292
HAM;271.872;315.988;8;11322;100;0;12;3.17653;47292
HAM;276.085;316.098;8;11335;100;0;12;3.22452;47292.1
HAM;280.3;316.207;8;11348;100;0;12;3.27251;47292.1
HAM;284.516;316.317;8;11361;100;0;12;3.3205;47292.1
HAM;288.734;316.414;8;11363;100;0;12;3.3685;47292.2
HAM;292.953;316.511;8;11366;100;0;12;3.41649;47292.2
HAM;297.173;316.608;8;11368;100;0;12;3.46448;47292.3
HAM;301.394;316.705;8;11371;100;0;12;3.51248;47292.3
HAM;305.617;316.802;8;11374;100;0;12;3.56047;47292.4
HAM;309.841;316.891;8;11373;100;0;12;3.60846;47292.4
HAM;314.066;316.979;8;11372;100;0;12;3.65645;47292.5
HAM;318.293;317.068;8;11371;100;0;12;3.70445;47292.5
HAM;322.52;317.157;8;11370;100;0;12;3.75244;47292.6
HAM;326.749;317.245;8;11370;100;0;12;3.80043;47292.6
HAM;330.979;317.328;8;11370;100;0;12;3.84843;47292.7
HAM;335.21;317.411;8;11370;100;0;12;3.89642;47292.7
HAM;339.442;317.494;8;11370;100;0;12;3.94441;47292.8
HAM;343.675;317.577;8;11370;100;0;12;3.9924;47292.8
HAM;347.909;317.66;8;11370;100;0;12;4.0404;47292.9
HAM;352.851;317.753;8;11367;100;0;12;4.09639;47292.9
HAM;357.793;317.845;8;11364;100;0;12;4.15238;47293
HAM;362.738;317.938;8;11361;100;0;12;4.20837;47293
HAM;367.683;318.031;8;11358;100;0;12;4.26436;47293.1
HAM;372.631;318.123;8;11356;100;0;12;4.32036;47293.1
HAM;376.872;318.2;8;11359;100;0;12;4.36835;47293.2
HAM;381.115;318.276;8;11362;100;0;12;4.41634;47293.2
HAM;385.358;318.352;8;11366;100;0;12;4.46433;47293.3
HAM;389.603;318.429;8;11369;100;0;12;4.51233;47293.3
HAM;393.848;318.505;8;11373;100;0;12;4.56032;47293.4
HAM;398.095;318.579;8;11381;100;0;12;4.60831;47293.4
HAM;402.343;318.652;8;11389;100;0;12;4.65631;47293.5
HAM;406.591;318.725;8;11397;100;0;12;4.7043;47293.5
HAM;410.841;318.799;8;11405;100;0;12;4.75229;47293.6
HAM;415.091;318.872;8;11413;100;0;12;4.80028;47293.6
HAM;419.343;318.941;8;11416;100;0;12;4.84828;47293.7
HAM;423.595;319.009;8;11420;100;0;12;4.89627;47293.7
HAM;427.848;319.078;8;11423;100;0;12;4.94426;47293.8
HAM;432.102;319.147;8;11427;100;0;12;4.99226;47293.8
HAM;436.358;319.215;8;11431;100;0;12;5.04025;47293.9
HAM;440.614;319.277;8;11433;100;0;12;5.08824;47293.9
HAM;444.87;319.339;8;11436;100;0;12;5.13623;47294
HAM;449.128;319.401;8;11438;100;0;12;5.18423;47294
HAM;453.386;319.463;8;11441;100;0;12;5.23222;47294.1
HAM;457.646;319.525;8;11444;100;0;12;5.28021;47294.1
HAM;461.906;319.577;8;11438;100;0;12;5.32821;47294.2
HAM;466.166;319.63;8;11432;100;0;12;5.3762;47294.2
HAM;470.428;319.682;8;11426;100;0;12;5.42419;47294.3
HAM;474.69;319.734;8;11420;100;0;12;5.47218;47294.3
HAM;478.953;319.787;8;11415;100;0;12;5.52018;47294.3
HAM;483.216;319.827;8;11416;100;0;12;5.56817;47294.4
HAM;487.48;319.867;8;11417;100;0;12;5.61616;47294.4
HAM;491.745;319.907;8;11418;100;0;12;5.66416;47294.5
HAM;496.01;319.947;8;11419;100;0;12;5.71215;47294.5
HAM;500.275;319.987;8;11421;100;0;12;5.76014;47294.6
HAM;504.542;320.012;8;11425;100;0;12;5.80813;47294.6
HAM;508.808;320.037;8;11430;100;0;12;5.85613;47294.7
HAM;513.075;320.063;8;11435;100;0;12;5.90412;47294.7
HAM;517.342;320.088;8;11440;100;0;12;5.95211;47294.8
HAM;521.609;320.113;8;11445;100;0;12;6.00011;47294.8
HAM;525.877;320.122;8;11448;100;0;12;6.0481;47294.9
HAM;530.144;320.131;8;11451;100;0;12;6.09609;47294.9
HAM;534.412;320.14;8;11455;100;0;12;6.14408;47295
HAM;538.68;320.15;8;11458;100;0;12;6.19208;47295
HAM;542.948;320.159;8;11462;100;0;12;6.24007;47295.1
HAM;547.216;320.152;8;11455;100;0;12;6.28806;47295.1
HAM;551.484;320.144;8;11449;100;0;12;6.33605;47295.2
HAM;555.752;320.137;8;11443;100;0;12;6.38405;47295.2
HAM;560.02;320.13;8;11437;100;0;12;6.43204;47295.3
HAM;564.288;320.123;8;11431;100;0;12;6.48003;47295.3
HAM;568.555;320.102;8;11431;100;0;12;6.52803;47295.4
HAM;572.822;320.081;8;11432;100;0;12;6.57602;47295.4
HAM;577.089;320.06;8;11433;100;0;12;6.62401;47295.5
HAM;581.356;320.039;8;11434;100;0;12;6.672;47295.5
HAM;585.623;320.018;8;11435;100;0;12;6.72;47295.5
HAM;589.889;319.989;8;11437;100;0;12;6.76799;47295.6
HAM;594.154;319.959;8;11439;100;0;12;6.81598;47295.6
HAM;598.42;319.93;8;11441;100;0;12;6.86398;47295.7
HAM;602.684;319.9;8;11443;100;0;12;6.91197;47295.7
HAM;606.949;319.871;8;11446;100;0;12;6.95996;47295.8
HAM;611.213;319.842;8;11447;100;0;12;7.00795;47295.8
HAM;615.477;319.813;8;11448;100;0;12;7.05595;47295.9
HAM;619.74;319.784;8;11449;100;0;12;7.10394;47295.9
HAM;624.003;319.755;8;11450;100;0;12;7.15193;47296
HAM;628.266;319.726;8;11452;100;0;12;7.19992;47296
HAM;632.528;319.712;8;11452;100;0;12;7.24792;47296.1
HAM;636.79;319.698;8;11452;100;0;12;7.29591;47296.1
HAM;641.052;319.683;8;11452;100;0;12;7.3439;47296.2
HAM;645.314;319.669;8;11452;100;0;12;7.3919;47296.2
HAM;649.575;319.655;8;11452;100;0;12;7.43989;47296.3
HAM;653.837;319.676;8;11451;100;0;12;7.48788;47296.3
HAM;658.099;319.696;8;11451;100;0;12;7.53588;47296.4
HAM;662.361;319.717;8;11451;100;0;12;7.58387;47296.4
HAM;666.623;319.737;8;11451;100;0;12;7.63186;47296.5
HAM;670.886;319.758;8;11451;100;0;12;7.67985;47296.5
HAM;675.149;319.84;8;11451;100;0;12;7.72785;47296.6
HAM;679.414;319.922;8;11451;100;0;12;7.77584;47296.6
HAM;683.679;320.004;8;11451;100;0;12;7.82383;47296.7
HAM;687.946;320.086;8;11451;100;0;12;7.87183;47296.7
HAM;692.213;320.168;8;11451;100;0;12;7.91982;47296.7
HAM;695.789;320.335;8;11445;100;0;12;7.96001;47296.8
HAM;699.367;320.501;8;11439;100;0;12;8.00021;47296.8
HAM;702.946;320.667;8;11433;100;0;12;8.0404;47296.9
HAM;706.527;320.834;8;11427;100;0;12;8.08059;47296.9
HAM;710.11;321;8;11422;100;0;12;8.12079;47296.9
HAM;714.388;320.8;8;11422;100;0;12;8.16878;47297
HAM;718.663;320.6;8;11422;100;0;12;8.21677;47297
HAM;722.936;320.4;8;11422;100;0;12;8.26477;47297.1
HAM;727.206;320.2;8;11422;100;0;12;8.31276;47297.1
HAM;731.474;320;8;11422;100;0;12;8.36075;47297.2
HAM;735.74;320;8;11414;100;0;12;8.40875;47297.2
HAM;740.006;320;8;11407;100;0;12;8.45674;47297.3
HAM;744.272;320;8;11399;100;0;12;8.50473;47297.3
HAM;748.538;320;8;11392;100;0;12;8.55272;47297.4
HAM;752.804;320;8;11385;100;0;12;8.60072;47297.4
HAM;757.068;319.8;8;11382;100;0;12;8.64871;47297.5
HAM;761.33;319.6;8;11380;100;0;12;8.6967;47297.5
HAM;765.59;319.4;8;11378;100;0;12;8.7447;47297.6
HAM;769.847;319.2;8;11376;100;0;12;8.79269;47297.6
HAM;774.101;319;8;11374;100;0;12;8.84068;47297.7
HAM;778.345;317.8;8;11372;100;20;11;8.88867;47297.7
HAM;782.574;316.6;8;11371;100;40;10;8.93667;47297.8
HAM;786.787;315.4;8;11370;100;60;9;8.98466;47297.8
HAM;790.983;314.2;8;11369;100;80;8;9.03265;47297.9
HAM;795.164;313;8;11368;100;100;8;9.08064;47297.9
HAM;799.293;306.4;8;11166;80;100;8;9.12864;47298
HAM;803.333;299.8;8;10965;61;100;8;9.17663;47298
HAM;807.286;293.2;8;10764;41;100;8;9.22462;47298.1
HAM;811.151;286.6;8;10563;22;100;8;9.27262;47298.1
HAM;814.928;280;8;10362;3;100;8;9.32061;47298.1
HAM;818.6;271;8;10025;2;100;8;9.3686;47298.2
HAM;822.153;262;8;9689;1;100;8;9.41659;47298.2
HAM;825.586;253;8;9354;1;100;8;9.46459;47298.3
HAM;828.899;244;8;9018;0;100;8;9.51258;47298.3
HAM;832.092;235;8;8682;0;100;8;9.56057;47298.4
HAM;835.202;231.6;8;8764;0;100;8;9.60857;47298.4
HAM;838.267;228.2;8;8846;0;100;8;9.65656;47298.5
HAM;841.286;224.8;8;8929;0;100;8;9.70455;47298.5
HAM;844.261;221.4;8;9011;0;100;8;9.75254;47298.6
HAM;847.19;218;8;9094;0;100;8;9.80054;47298.6
HAM;850.078;215.4;8;9136;0;100;8;9.84853;47298.7
HAM;852.933;212.8;8;9179;0;100;8;9.89652;47298.7
HAM;855.752;210.2;8;9222;0;100;8;9.94452;47298.8
HAM;858.537;207.6;8;9265;0;100;8;9.99251;47298.8
HAM;861.288;205;6;9308;0;100;8;10.0405;47298.9
HAM;864.008;203.2;6;9495;0;80;8;10.0885;47298.9
HAM;866.705;201.4;6;9682;0;60;8;10.1365;47299
HAM;869.378;199.6;6;9869;0;40;8;10.1845;47299
HAM;872.027;197.8;6;10056;0;20;8;10.2325;47299.1
HAM;874.652;196;5;10244;0;0;8;10.2805;47299.1
HAM;877.257;194.8;5;10182;1;0;8;10.3285;47299.2
HAM;879.846;193.6;5;10121;3;0;8;10.3765;47299.2
HAM;882.419;192.4;5;10060;5;0;8;10.4244;47299.3
HAM;884.976;191.2;5;9999;7;0;8;10.4724;47299.3
HAM;887.517;190;5;9938;9;0;8;10.5204;47299.3
HAM;890.043;189;5;9932;21;0;8;10.5684;47299.4
HAM;892.556;188;5;9926;34;0;8;10.6164;47299.4
HAM;895.056;187;5;9921;47;0;8;10.6644;47299.5
HAM;897.542;186;5;9915;60;0;8;10.7124;47299.5
HAM;900.015;185;5;9910;73;0;8;10.7604;47299.6
HAM;902.485;185.6;5;10013;75;0;8;10.8084;47299.6
HAM;904.964;186.2;5;10116;77;0;8;10.8564;47299.7
HAM;907.45;186.8;5;10220;80;0;8;10.9044;47299.7
HAM;909.944;187.4;5;10323;82;0;8;10.9524;47299.8
HAM;912.447;188;5;10427;85;0;8;11.0004;47299.8
HAM;914.959;189;5;10429;88;0;8;11.0484;47299.9
HAM;917.486;190;5;10432;91;0;8;11.0963;47299.9
HAM;920.025;191;5;10435;94;0;8;11.1443;47300
HAM;922.578;192;5;10438;97;0;8;11.1923;47300
HAM;925.145;193;5;10441;100;0;8;11.2403;47300.1
HAM;927.73;194.8;5;10601;98;0;8;11.2883;47300.1
HAM;930.339;196.6;5;10761;96;0;8;11.3363;47300.2
HAM;932.971;198.4;5;10920;94;0;8;11.3843;47300.2
HAM;935.628;200.2;5;11080;92;0;8;11.4323;47300.3
HAM;938.309;202;5;11241;91;0;8;11.4803;47300.3
HAM;941.004;202.2;5;11236;90;0;8;11.5283;47300.4
HAM;943.701;202.4;5;11232;89;0;8;11.5763;47300.4
HAM;946.4;202.6;5;11228;88;0;8;11.6243;47300.5
HAM;949.102;202.8;5;11224;87;0;8;11.6723;47300.5
HAM;951.807;203;5;11220;87;0;8;11.7203;47300.5
HAM;954.522;204.2;5;11254;89;0;8;11.7682;47300.6
HAM;957.252;205.4;5;11288;92;0;8;11.8162;47300.6
HAM;959.998;206.6;5;11322;94;0;8;11.8642;47300.7
HAM;962.76;207.8;5;11356;97;0;8;11.9122;47300.7
HAM;965.539;209;5;11391;100;0;8;11.9602;47300.8
HAM;968.332;210.085;5;11435;100;0;8;12.0082;47300.8
HAM;971.14;211.169;5;11480;100;0;8;12.0562;47300.9
HAM;973.962;212.254;5;11525;100;0;8;12.1042;47300.9
HAM;976.799;213.338;5;11570;100;0;8;12.1522;47301
HAM;979.651;214.423;5;11615;100;0;8;12.2002;47301
HAM;982.517;215.613;5;11679;100;0;8;12.2482;47301.1
HAM;985.399;216.803;5;11744;100;0;8;12.2962;47301.1
HAM;988.298;217.993;5;11809;100;0;8;12.3442;47301.2
HAM;991.212;219.183;5;11874;100;0;8;12.3922;47301.2
HAM;994.142;220.372;5;11939;100;0;8;12.4401;47301.3
HAM;997.087;221.542;5;11972;100;0;8;12.4881;47301.3
HAM;1000.05;222.711;5;12005;100;0;8;12.5361;47301.4
HAM;1003.03;223.88;5;12039;100;0;8;12.5841;47301.4
HAM;1006.02;225.049;5;12072;100;0;8;12.6321;47301.5
HAM;1009.03;226.218;5;12106;100;0;8;12.6801;47301.5
HAM;1012.05;227.309;5;11850;100;0;8;12.7281;47301.6
HAM;1015.09;228.399;5;11594;100;0;8;12.7761;47301.6
HAM;1018.14;229.49;5;11338;100;0;8;12.8241;47301.7
HAM;1021.21;230.581;5;11082;100;0;8;12.8721;47301.7
HAM;1024.29;231.671;6;10826;100;0;8;12.9201;47301.7
HAM;1027.38;232.655;6;10869;100;0;8;12.9681;47301.8
HAM;1030.49;233.638;6;10913;100;0;8;13.0161;47301.8
HAM;1033.61;234.621;6;10956;100;0;8;13.0641;47301.9
HAM;1036.75;235.605;6;11000;100;0;8;13.112;47301.9
HAM;1039.89;236.588;6;11044;100;0;8;13.16;47302
HAM;1043.05;237.457;6;11090;100;0;8;13.208;47302
HAM;1046.22;238.326;6;11136;100;0;8;13.256;47302.1
HAM;1049.41;239.196;6;11183;100;0;8;13.304;47302.1
HAM;1052.6;240.065;6;11229;100;0;8;13.352;47302.2
HAM;1055.81;240.934;6;11276;100;0;8;13.4;47302.2
HAM;1059.02;241.697;6;11334;100;0;8;13.448;47302.3
HAM;1062.25;242.461;6;11393;100;0;8;13.496;47302.3
HAM;1065.49;243.224;6;11451;100;0;8;13.544;47302.4
HAM;1068.74;243.988;6;11510;100;0;8;13.592;47302.4
HAM;1071.99;244.751;6;11569;100;0;8;13.64;47302.5
HAM;1075.26;245.427;6;11593;100;0;8;13.688;47302.5
HAM;1078.54;246.103;6;11617;100;0;8;13.736;47302.6
HAM;1081.82;246.779;6;11641;100;0;8;13.7839;47302.6
HAM;1085.12;247.455;6;11665;100;0;8;13.8319;47302.7
HAM;1088.42;248.131;6;11689;100;0;8;13.8799;47302.7
HAM;1091.73;248.742;6;11705;100;0;8;13.9279;47302.8
HAM;1095.05;249.354;6;11721;100;0;8;13.9759;47302.8
HAM;1098.38;249.966;6;11738;100;0;8;14.0239;47302.9
HAM;1101.72;250.577;6;11754;100;0;8;14.0719;47302.9
HAM;1105.06;251.189;6;11771;100;0;8;14.1199;47302.9
HAM;1108.42;251.761;6;11786;100;0;8;14.1679;47303
HAM;1111.78;252.332;6;11802;100;0;8;14.2159;47303
HAM;1115.14;252.904;6;11818;100;0;8;14.2639;47303.1
HAM;1118.52;253.475;6;11834;100;0;8;14.3119;47303.1
HAM;1121.9;254.047;6;11850;100;0;8;14.3599;47303.2
HAM;1124.74;254.511;6;11877;100;0;8;14.4001;47303.2
HAM;1127.59;254.975;6;11904;100;0;8;14.4402;47303.3
HAM;1130.43;255.439;6;11931;100;0;8;14.4804;47303.3
HAM;1133.29;255.903;6;11958;100;0;8;14.5206;47303.3
HAM;1136.15;256.367;6;11986;100;0;8;14.5608;47303.4
HAM;1139.57;256.918;6;11676;100;0;8;14.6088;47303.4
HAM;1143;257.47;6;11366;100;0;8;14.6568;47303.5
HAM;1146.44;258.021;6;11056;100;0;8;14.7048;47303.5
HAM;1149.88;258.573;6;10746;100;0;8;14.7528;47303.6
HAM;1153.33;259.125;6;10436;100;0;8;14.8008;47303.6
HAM;1156.79;259.685;6;10482;100;0;8;14.8488;47303.7
HAM;1160.25;260.245;6;10529;100;0;8;14.8968;47303.7
HAM;1163.73;260.805;6;10576;100;0;8;14.9448;47303.8
HAM;1167.21;261.365;6;10623;100;0;8;14.9928;47303.8
HAM;1170.7;261.925;7;10670;100;0;8;15.0408;47303.9
HAM;1174.19;262.497;7;10700;100;0;8;15.0888;47303.9
HAM;1177.69;263.07;7;10730;100;0;8;15.1367;47304
HAM;1181.2;263.643;7;10760;100;0;8;15.1847;47304
HAM;1184.72;264.216;7;10790;100;0;8;15.2327;47304.1
HAM;1188.25;264.788;7;10820;100;0;8;15.2807;47304.1
HAM;1191.78;265.371;7;10839;100;0;8;15.3287;47304.2
HAM;1195.33;265.953;7;10858;100;0;8;15.3767;47304.2
HAM;1198.87;266.536;7;10877;100;0;8;15.4247;47304.3
HAM;1202.43;267.118;7;10896;100;0;8;15.4727;47304.3
HAM;1206;267.701;7;10915;100;0;8;15.5207;47304.3
HAM;1209.57;268.283;7;10912;100;0;8;15.5687;47304.4
HAM;1213.15;268.865;7;10910;100;0;8;15.6167;47304.4
HAM;1216.74;269.448;7;10908;100;0;8;15.6647;47304.5
HAM;1220.33;270.03;7;10906;100;0;8;15.7127;47304.5
HAM;1223.94;270.612;7;10904;100;0;8;15.7607;47304.6
HAM;1227.55;271.178;7;10946;100;0;8;15.8086;47304.6
HAM;1231.17;271.744;7;10988;100;0;8;15.8566;47304.7
HAM;1234.79;272.31;7;11031;100;0;8;15.9046;47304.7
HAM;1238.43;272.876;7;11073;100;0;8;15.9526;47304.8
HAM;1242.07;273.442;7;11116;100;0;8;16.0006;47304.8
HAM;1245.72;273.973;7;11116;100;0;8;16.0486;47304.9
HAM;1249.38;274.503;7;11117;100;0;8;16.0966;47304.9
HAM;1253.04;275.034;7;11118;100;0;8;16.1446;47305
HAM;1256.71;275.564;7;11119;100;0;8;16.1926;47305
HAM;1260.39;276.095;7;11120;100;0;8;16.2406;47305.1
HAM;1264.07;276.57;7;11150;100;0;8;16.2886;47305.1
HAM;1267.76;277.044;7;11180;100;0;8;16.3366;47305.2
HAM;1271.46;277.519;7;11210;100;0;8;16.3846;47305.2
HAM;1275.16;277.994;7;11240;100;0;8;16.4326;47305.3
HAM;1278.87;278.469;7;11271;100;0;8;16.4805;47305.3
HAM;1282.58;278.87;7;11286;100;0;8;16.5285;47305.4
HAM;1286.3;279.272;7;11301;100;0;8;16.5765;47305.4
HAM;1290.03;279.674;7;11316;100;0;8;16.6245;47305.5
HAM;1293.76;280.075;7;11331;100;0;8;16.6725;47305.5
HAM;1297.5;280.477;7;11346;100;0;8;16.7205;47305.5
HAM;1301.24;280.796;7;11346;100;0;8;16.7685;47305.6
HAM;1304.98;281.114;7;11346;100;0;8;16.8165;47305.6
HAM;1308.73;281.433;7;11346;100;0;8;16.8645;47305.7
HAM;1312.49;281.751;7;11346;100;0;8;16.9125;47305.7
HAM;1316.25;282.07;7;11347;100;0;8;16.9605;47305.8
HAM;1320.01;282.308;7;11376;100;0;8;17.0085;47305.8
HAM;1323.77;282.546;7;11405;100;0;8;17.0565;47305.9
HAM;1327.54;282.784;7;11435;100;0;8;17.1044;47305.9
HAM;1331.31;283.022;7;11464;100;0;8;17.1524;47306
HAM;1335.09;283.261;7;11494;100;0;8;17.2004;47306
HAM;1338.86;283.439;7;11499;100;0;8;17.2484;47306.1
HAM;1342.64;283.618;7;11504;100;0;8;17.2964;47306.1
HAM;1346.43;283.796;7;11509;100;0;8;17.3444;47306.2
HAM;1350.21;283.975;7;11514;100;0;8;17.3924;47306.2
HAM;1354;284.154;7;11520;100;0;8;17.4404;47306.3
HAM;1357.79;284.319;7;11528;100;0;8;17.4884;47306.3
HAM;1361.58;284.485;7;11536;100;0;8;17.5364;47306.4
HAM;1365.37;284.65;7;11544;100;0;8;17.5844;47306.4
HAM;1369.17;284.816;7;11552;100;0;8;17.6324;47306.5
HAM;1372.97;284.981;7;11561;100;0;8;17.6804;47306.5
HAM;1376.77;285.213;7;11556;100;0;8;17.7284;47306.6
HAM;1380.57;285.444;7;11551;100;0;8;17.7763;47306.6
HAM;1384.38;285.676;7;11547;100;0;8;17.8243;47306.7
HAM;1388.19;285.908;7;11542;100;0;8;17.8723;47306.7
HAM;1392;286.139;7;11538;100;0;8;17.9203;47306.7
HAM;1395.82;286.511;7;11561;100;0;8;17.9683;47306.8
HAM;1399.64;286.884;7;11585;100;0;8;18.0163;47306.8
HAM;1403.47;287.256;7;11609;100;0;8;18.0643;47306.9
HAM;1407.3;287.628;7;11633;100;0;8;18.1123;47306.9
HAM;1411.14;288;7;11657;100;0;8;18.1603;47307
HAM;1414.98;288;7;11665;100;0;8;18.2083;47307
HAM;1418.81;288;7;11673;100;0;8;18.2563;47307.1
HAM;1422.65;288;7;11682;100;0;8;18.3043;47307.1
HAM;1426.49;288;7;11690;100;0;8;18.3523;47307.2
HAM;1430.33;288;7;11699;100;0;8;18.4003;47307.2
HAM;1434.17;287.8;7;11686;100;0;8;18.4482;47307.3
HAM;1438.01;287.6;7;11674;100;0;8;18.4962;47307.3
HAM;1441.84;287.4;7;11661;100;0;8;18.5442;47307.4
HAM;1445.67;287.2;7;11649;100;0;8;18.5922;47307.4
HAM;1449.5;287;7;11637;100;0;8;18.6402;47307.5
HAM;1453.32;286.8;7;11624;100;0;8;18.6882;47307.5
HAM;1457.14;286.6;7;11611;100;0;8;18.7362;47307.6
HAM;1460.96;286.4;7;11598;100;0;8;18.7842;47307.6
HAM;1464.78;286.2;7;11585;100;0;8;18.8322;47307.7
HAM;1468.59;286;7;11573;100;0;8;18.8802;47307.7
HAM;1472.4;285.6;7;11538;97;0;8;18.9282;47307.8
HAM;1476.21;285.2;7;11503;94;0;8;18.9762;47307.8
HAM;1480.01;284.8;7;11469;92;0;8;19.0242;47307.9
HAM;1483.8;284.4;7;11434;89;0;8;19.0722;47307.9
HAM;1487.59;284;7;11400;87;0;8;19.1201;47307.9
HAM;1491.99;282;7;11299;79;19;8;19.1761;47308
HAM;1496.36;280;7;11198;71;39;8;19.2321;47308.1
HAM;1500.7;278;7;11098;64;60;8;19.2881;47308.1
HAM;1505.01;276;7;10997;56;80;8;19.3441;47308.2
HAM;1509.29;274;7;10897;49;100;8;19.4001;47308.2
HAM;1512.93;273;7;10805;45;100;8;19.4481;47308.3
HAM;1516.57;272;7;10712;41;100;8;19.4961;47308.3
HAM;1520.19;271;7;10621;37;100;8;19.5441;47308.4
HAM;1523.79;270;7;10528;33;100;8;19.5921;47308.4
HAM;1527.39;269;7;10437;30;100;8;19.6401;47308.5
HAM;1530.95;265.6;7;10349;28;100;8;19.6881;47308.5
HAM;1534.47;262.2;7;10262;27;100;8;19.7361;47308.6
HAM;1537.94;258.8;7;10174;25;100;8;19.784;47308.6
HAM;1541.37;255.4;7;10087;24;100;8;19.832;47308.7
HAM;1544.75;252;7;10000;23;100;8;19.88;47308.7
HAM;1548.08;247;7;9946;19;100;8;19.928;47308.8
HAM;1551.34;242;7;9892;16;100;8;19.976;47308.8
HAM;1554.53;237;7;9839;13;100;8;20.024;47308.9
HAM;1557.65;232;7;9785;10;100;8;20.072;47308.9
HAM;1560.71;227;7;9732;7;100;8;20.12;47308.9
HAM;1564.21;222.2;7;9740;7;100;8;20.176;47309
HAM;1567.63;217.4;7;9748;7;100;8;20.232;47309.1
HAM;1570.97;212.6;7;9756;7;100;8;20.288;47309.1
HAM;1574.24;207.8;7;9764;7;100;8;20.344;47309.2
HAM;1577.43;203;6;9773;7;100;8;20.4;47309.2
HAM;1580.13;201.4;6;9876;8;80;8;20.448;47309.3
HAM;1582.8;199.8;6;9980;10;60;8;20.4959;47309.3
HAM;1585.46;198.2;6;10083;11;40;8;20.5439;47309.4
HAM;1588.09;196.6;6;10187;13;20;8;20.5919;47309.4
HAM;1590.7;195;5;10291;15;0;8;20.6399;47309.5
HAM;1593.29;193.8;5;10286;22;0;8;20.6879;47309.5
HAM;1595.87;192.6;5;10281;29;0;8;20.7359;47309.6
HAM;1598.42;191.4;5;10277;37;0;8;20.7839;47309.6
HAM;1600.97;190.2;5;10272;44;0;8;20.8319;47309.7
HAM;1603.5;189;5;10268;52;0;8;20.8799;47309.7
HAM;1606.03;189.4;5;10212;56;0;8;20.9281;47309.8
HAM;1608.57;189.8;5;10156;61;0;8;20.9763;47309.8
HAM;1611.11;190.2;5;10101;65;0;8;21.0245;47309.9
HAM;1613.66;190.6;5;10045;70;0;8;21.0727;47309.9
HAM;1616.21;191;5;9990;75;0;8;21.1208;47309.9
HAM;1618.77;192;5;10128;80;0;8;21.1688;47310
HAM;1621.33;193;5;10267;85;0;8;21.2168;47310
HAM;1623.91;194;5;10405;90;0;8;21.2648;47310.1
HAM;1626.51;195;5;10544;95;0;8;21.3128;47310.1
HAM;1629.11;196;5;10683;100;0;8;21.3608;47310.2
HAM;1631.73;197.4;5;10780;100;0;8;21.4088;47310.2
HAM;1634.38;198.8;5;10877;100;0;8;21.4568;47310.3
HAM;1637.03;200.2;5;10974;100;0;8;21.5048;47310.3
HAM;1639.71;201.6;5;11071;100;0;8;21.5528;47310.4
HAM;1642.41;203;5;11169;100;0;8;21.6008;47310.4
HAM;1645.12;203.997;5;11197;100;0;8;21.6488;47310.5
HAM;1647.85;204.993;5;11225;100;0;8;21.6968;47310.5
HAM;1650.59;205.99;5;11253;100;0;8;21.7448;47310.6
HAM;1653.34;206.987;5;11281;100;0;8;21.7927;47310.6
HAM;1656.11;207.984;5;11310;100;0;8;21.8407;47310.7
HAM;1658.89;209.215;5;11384;100;0;8;21.8887;47310.7
HAM;1661.69;210.446;5;11459;100;0;8;21.9367;47310.8
HAM;1664.5;211.678;5;11534;100;0;8;21.9847;47310.8
HAM;1667.33;212.909;5;11609;100;0;8;22.0327;47310.9
HAM;1670.18;214.14;5;11684;100;0;8;22.0807;47310.9
HAM;1673.04;215.414;5;11723;100;0;8;22.1287;47311
HAM;1675.92;216.688;5;11762;100;0;8;22.1767;47311
HAM;1678.82;217.962;5;11801;100;0;8;22.2247;47311.1
HAM;1681.73;219.237;5;11840;100;0;8;22.2727;47311.1
HAM;1684.66;220.511;5;11879;100;0;8;22.3207;47311.1
HAM;1687.61;221.718;5;11945;100;0;8;22.3687;47311.2
HAM;1690.57;222.926;5;12012;100;0;8;22.4167;47311.2
HAM;1693.55;224.133;5;12078;100;0;8;22.4646;47311.3
HAM;1696.55;225.34;5;12145;100;0;8;22.5126;47311.3
HAM;1699.56;226.548;5;12212;100;0;8;22.5606;47311.4
HAM;1702.59;227.626;5;11928;100;0;8;22.6086;47311.4
HAM;1705.63;228.704;5;11645;100;0;8;22.6566;47311.5
HAM;1708.69;229.782;5;11362;100;0;8;22.7046;47311.5
HAM;1711.76;230.86;5;11079;100;0;8;22.7526;47311.6
HAM;1714.84;231.938;6;10796;100;0;8;22.8006;47311.6
HAM;1717.94;232.873;6;10871;100;0;8;22.8486;47311.7
HAM;1721.05;233.809;6;10946;100;0;8;22.8966;47311.7
HAM;1724.17;234.745;6;11021;100;0;8;22.9446;47311.8
HAM;1727.31;235.68;6;11096;100;0;8;22.9926;47311.8
HAM;1730.46;236.616;6;11171;100;0;8;23.0406;47311.9
HAM;1733.62;237.449;6;11205;100;0;8;23.0886;47311.9
HAM;1736.79;238.282;6;11240;100;0;8;23.1365;47312
HAM;1739.97;239.114;6;11275;100;0;8;23.1845;47312
HAM;1743.16;239.947;6;11310;100;0;8;23.2325;47312.1
HAM;1746.37;240.78;6;11345;100;0;8;23.2805;47312.1
HAM;1749.58;241.606;6;11381;100;0;8;23.3285;47312.2
HAM;1752.81;242.431;6;11417;100;0;8;23.3765;47312.2
HAM;1756.05;243.256;6;11453;100;0;8;23.4245;47312.3
HAM;1759.3;244.082;6;11489;100;0;8;23.4725;47312.3
HAM;1762.56;244.907;6;11525;100;0;8;23.5205;47312.3
HAM;1765.83;245.926;6;11540;100;0;8;23.5685;47312.4
HAM;1769.11;246.944;6;11556;100;0;8;23.6165;47312.4
HAM;1772.41;247.963;6;11571;100;0;8;23.6645;47312.5
HAM;1775.73;248.981;6;11587;100;0;8;23.7125;47312.5
HAM;1779.05;250;6;11603;100;0;8;23.7605;47312.6
HAM;1782.39;250.2;6;11623;100;0;8;23.8085;47312.6
HAM;1785.72;250.4;6;11644;100;0;8;23.8564;47312.7
HAM;1789.06;250.6;6;11664;100;0;8;23.9044;47312.7
HAM;1792.4;250.8;6;11685;100;0;8;23.9524;47312.8
HAM;1795.75;251;6;11706;100;0;8;24.0004;47312.8
HAM;1799.09;250.8;6;11577;91;20;8;24.0484;47312.9
HAM;1802.44;250.6;6;11449;83;40;8;24.0964;47312.9
HAM;1805.78;250.4;6;11320;74;60;8;24.1444;47313
HAM;1809.11;250.2;6;11192;66;80;8;24.1924;47313
HAM;1812.45;250;6;11064;58;100;8;24.2404;47313.1
HAM;1815.71;240.4;6;10750;46;100;8;24.2884;47313.1
HAM;1818.86;230.8;6;10436;34;100;8;24.3364;47313.2
HAM;1821.87;221.2;6;10122;23;100;8;24.3844;47313.2
HAM;1824.75;211.6;6;9808;11;100;8;24.4324;47313.3
HAM;1827.51;202;6;9495;0;100;8;24.4803;47313.3
HAM;1830.17;197.6;6;9457;0;100;8;24.5283;47313.4
HAM;1832.78;193.2;6;9420;0;100;8;24.5763;47313.4
HAM;1835.33;188.8;6;9382;0;100;8;24.6243;47313.5
HAM;1837.81;184.4;6;9345;0;100;8;24.6723;47313.5
HAM;1840.24;180;6;9308;0;100;8;24.7203;47313.5
HAM;1842.61;175;6;9421;0;100;8;24.7683;47313.6
HAM;1844.91;170;6;9534;0;100;8;24.8163;47313.6
HAM;1847.14;165;6;9647;0;100;8;24.8643;47313.7
HAM;1849.31;160;6;9760;0;100;8;24.9123;47313.7
HAM;1851.41;155;6;9874;0;100;8;24.9603;47313.8
HAM;1853.46;153;6;9879;0;100;8;25.0083;47313.8
HAM;1855.49;151;6;9884;0;100;8;25.0563;47313.9
HAM;1857.49;149;6;9889;0;100;8;25.1043;47313.9
HAM;1859.46;147;6;9894;0;100;8;25.1523;47314
HAM;1861.41;145;5;9900;0;100;8;25.2002;47314
HAM;1863.33;143.6;5;9794;0;100;8;25.2482;47314.1
HAM;1865.23;142.2;5;9689;0;100;8;25.2962;47314.1
HAM;1867.12;140.8;5;9584;0;100;8;25.3442;47314.2
HAM;1868.99;139.4;5;9479;0;100;8;25.3922;47314.2
HAM;1870.84;138;3;9374;0;100;8;25.4402;47314.3
HAM;1872.66;136;3;9247;0;100;8;25.4882;47314.3
HAM;1874.46;134;3;9121;0;100;8;25.5362;47314.4
HAM;1876.24;132;3;8995;0;100;8;25.5842;47314.4
HAM;1877.98;130;3;8869;0;100;8;25.6322;47314.5
HAM;1879.7;128;3;8743;0;100;8;25.6802;47314.5
HAM;1881.4;127;3;8654;0;100;8;25.7282;47314.6
HAM;1883.09;126;3;8565;0;100;8;25.7762;47314.6
HAM;1884.76;125;3;8476;0;100;8;25.8241;47314.7
HAM;1886.42;124;3;8387;0;100;8;25.8721;47314.7
HAM;1888.07;123;3;8298;0;100;8;25.9201;47314.7
HAM;1889.7;121.8;3;8243;0;80;8;25.9681;47314.8
HAM;1891.32;120.6;3;8189;0;60;8;26.0161;47314.8
HAM;1892.92;119.4;3;8135;0;40;8;26.0641;47314.9
HAM;1894.5;118.2;3;8081;0;20;8;26.1121;47314.9
HAM;1896.07;117;3;8027;0;0;8;26.1601;47315
HAM;1897.62;116.2;3;7997;0;0;8;26.2081;47315
HAM;1899.17;115.4;3;7967;0;0;8;26.2561;47315.1
HAM;1900.7;114.6;3;7937;0;0;8;26.3041;47315.1
HAM;1902.22;113.8;3;7907;0;0;8;26.3521;47315.2
HAM;1903.73;113;3;7878;1;0;8;26.4001;47315.2
HAM;1905.23;112.4;3;7928;11;0;8;26.4481;47315.3
HAM;1906.73;111.8;3;7978;22;0;8;26.496;47315.3
HAM;1908.22;111.2;3;8028;33;0;8;26.544;47315.4
HAM;1909.69;110.6;3;8078;44;0;8;26.592;47315.4
HAM;1911.16;110;3;8129;55;0;8;26.64;47315.5
HAM;1912.64;111.2;3;8218;56;0;8;26.688;47315.5
HAM;1914.13;112.4;3;8307;58;0;8;26.736;47315.6
HAM;1915.64;113.6;3;8396;60;0;8;26.784;47315.6
HAM;1917.16;114.8;3;8485;62;0;8;26.832;47315.7
HAM;1918.7;116;3;8575;64;0;8;26.88;47315.7
HAM;1920.25;116.4;3;8678;65;0;8;26.928;47315.8
HAM;1921.8;116.8;3;8781;66;0;8;26.976;47315.8
HAM;1923.36;117.2;3;8884;67;0;8;27.024;47315.9
HAM;1924.93;117.6;3;8987;68;0;8;27.072;47315.9
HAM;1926.5;118;3;9090;70;0;8;27.12;47315.9
HAM;1928.08;120;3;9181;71;0;8;27.1679;47316
HAM;1929.7;122;3;9272;72;0;8;27.2159;47316
HAM;1931.33;124;3;9363;74;0;8;27.2639;47316.1
HAM;1933;126;3;9454;75;0;8;27.3119;47316.1
HAM;1934.69;128;3;9545;77;0;8;27.3599;47316.2
HAM;1936.41;128.8;3;9661;79;0;8;27.4079;47316.2
HAM;1938.13;129.6;3;9777;81;0;8;27.4559;47316.3
HAM;1939.86;130.4;3;9893;82;0;8;27.5039;47316.3
HAM;1941.61;131.2;3;10009;84;0;8;27.5519;47316.4
HAM;1943.36;132;3;10126;87;0;8;27.5999;47316.4
HAM;1944.85;134.517;3;10270;88;0;8;27.6401;47316.5
HAM;1946.36;137.033;3;10415;90;0;8;27.6803;47316.5
HAM;1947.91;139.55;3;10560;91;0;8;27.7205;47316.5
HAM;1949.48;142.067;3;10705;93;0;8;27.7607;47316.6
HAM;1951.08;144.584;3;10850;95;0;8;27.8009;47316.6
HAM;1953.02;147.144;3;10968;96;0;8;27.8488;47316.7
HAM;1955;149.705;3;11087;97;0;8;27.8968;47316.7
HAM;1957.02;152.265;3;11206;98;0;8;27.9448;47316.8
HAM;1959.06;154.826;3;11325;99;0;8;27.9928;47316.8
HAM;1961.14;157.386;3;11444;100;0;8;28.0408;47316.9
HAM;1963.26;159.733;3;11630;100;0;8;28.0888;47316.9
HAM;1965.4;162.079;3;11816;100;0;8;28.1368;47317
HAM;1967.58;164.426;3;12002;100;0;8;28.1848;47317
HAM;1969.79;166.772;3;12188;100;0;8;28.2328;47317.1
HAM;1972.03;169.119;3;12374;100;0;8;28.2808;47317.1
HAM;1974.29;171.269;3;12193;100;0;8;28.3288;47317.2
HAM;1976.59;173.42;3;12012;100;0;8;28.3768;47317.2
HAM;1978.92;175.57;3;11831;100;0;8;28.4248;47317.3
HAM;1981.27;177.72;3;11650;100;0;8;28.4728;47317.3
HAM;1983.66;179.87;3;11469;100;0;8;28.5207;47317.3
HAM;1986.07;181.84;3;11561;100;0;8;28.5687;47317.4
HAM;1988.51;183.811;3;11653;100;0;8;28.6167;47317.4
HAM;1990.97;185.781;3;11746;100;0;8;28.6647;47317.5
HAM;1993.46;187.751;3;11838;100;0;8;28.7127;47317.5
HAM;1995.98;189.721;4;11931;100;0;8;28.7607;47317.6
HAM;1998.52;191.526;4;11937;100;0;8;28.8087;47317.6
HAM;2001.08;193.331;4;11943;100;0;8;28.8567;47317.7
HAM;2003.67;195.135;4;11950;100;0;8;28.9047;47317.7
HAM;2006.28;196.94;4;11956;100;0;8;28.9527;47317.8
HAM;2008.92;198.745;4;11963;100;0;8;29.0007;47317.8
HAM;2011.58;200.398;4;11821;100;0;8;29.0487;47317.9
HAM;2014.27;202.051;4;11679;100;0;8;29.0967;47317.9
HAM;2016.97;203.704;4;11537;100;0;8;29.1447;47318
HAM;2019.7;205.357;4;11395;100;0;8;29.1926;47318
HAM;2022.45;207.01;5;11254;100;0;8;29.2406;47318.1
HAM;2025.22;208.523;5;11314;100;0;8;29.2886;47318.1
HAM;2028.01;210.036;5;11374;100;0;8;29.3366;47318.2
HAM;2030.82;211.55;5;11434;100;0;8;29.3846;47318.2
HAM;2033.65;213.063;5;11494;100;0;8;29.4326;47318.3
HAM;2036.5;214.576;5;11555;100;0;8;29.4806;47318.3
HAM;2039.37;215.961;5;11633;100;0;8;29.5286;47318.4
HAM;2042.25;217.346;5;11711;100;0;8;29.5766;47318.4
HAM;2045.16;218.731;5;11790;100;0;8;29.6246;47318.5
HAM;2048.09;220.116;5;11868;100;0;8;29.6726;47318.5
HAM;2051.03;221.501;5;11947;100;0;8;29.7206;47318.5
HAM;2053.99;222.767;5;12005;100;0;8;29.7686;47318.6
HAM;2056.97;224.033;5;12064;100;0;8;29.8166;47318.6
HAM;2059.96;225.3;5;12122;100;0;8;29.8645;47318.7
HAM;2062.98;226.566;5;12181;100;0;8;29.9125;47318.7
HAM;2066.01;227.833;5;12240;100;0;8;29.9605;47318.8
HAM;2069.05;228.99;5;11938;100;0;8;30.0085;47318.8
HAM;2072.11;230.147;5;11636;100;0;8;30.0565;47318.9
HAM;2075.19;231.305;5;11335;100;0;8;30.1045;47318.9
HAM;2078.28;232.462;5;11033;100;0;8;30.1525;47319
HAM;2081.38;233.619;6;10732;100;0;8;30.2005;47319
HAM;2084.51;234.675;6;10819;100;0;8;30.2485;47319.1
HAM;2087.64;235.731;6;10906;100;0;8;30.2965;47319.1
HAM;2090.79;236.787;6;10992;100;0;8;30.3445;47319.2
HAM;2093.96;237.844;6;11079;100;0;8;30.3925;47319.2
HAM;2097.13;238.9;6;11167;100;0;8;30.4405;47319.3
HAM;2100.32;239.862;6;11221;100;0;8;30.4885;47319.3
HAM;2103.53;240.825;6;11275;100;0;8;30.5364;47319.4
HAM;2106.75;241.788;6;11329;100;0;8;30.5844;47319.4
HAM;2109.98;242.75;6;11383;100;0;8;30.6324;47319.5
HAM;2113.22;243.713;6;11438;100;0;8;30.6804;47319.5
HAM;2116.47;244.589;6;11471;100;0;8;30.7284;47319.6
HAM;2119.74;245.465;6;11504;100;0;8;30.7764;47319.6
HAM;2123.02;246.341;6;11537;100;0;8;30.8244;47319.7
HAM;2126.31;247.216;6;11570;100;0;8;30.8724;47319.7
HAM;2129.61;248.092;6;11604;100;0;8;30.9204;47319.7
HAM;2132.92;248.888;6;11634;100;0;8;30.9684;47319.8
HAM;2136.24;249.683;6;11664;100;0;8;31.0164;47319.8
HAM;2139.58;250.478;6;11694;100;0;8;31.0644;47319.9
HAM;2142.92;251.274;6;11724;100;0;8;31.1124;47319.9
HAM;2146.28;252.069;6;11755;100;0;8;31.1604;47320
HAM;2149.64;252.79;6;11794;100;0;8;31.2083;47320
HAM;2153.02;253.511;6;11834;100;0;8;31.2563;47320.1
HAM;2156.4;254.231;6;11874;100;0;8;31.3043;47320.1
HAM;2159.8;254.952;6;11914;100;0;8;31.3523;47320.2
HAM;2163.2;255.673;6;11954;100;0;8;31.4003;47320.2
HAM;2166.61;256.324;6;11749;100;0;8;31.4483;47320.3
HAM;2170.03;256.976;6;11545;100;0;8;31.4963;47320.3
HAM;2173.47;257.627;6;11342;100;0;8;31.5443;47320.4
HAM;2176.9;258.279;6;11138;100;0;8;31.5923;47320.4
HAM;2180.35;258.93;6;10934;100;0;8;31.6403;47320.5
HAM;2183.81;259.517;6;10882;100;0;8;31.6883;47320.5
HAM;2187.27;260.105;6;10830;100;0;8;31.7363;47320.6
HAM;2190.74;260.692;6;10779;100;0;8;31.7843;47320.6
HAM;2194.22;261.28;6;10727;100;0;8;31.8323;47320.7
HAM;2197.71;261.867;7;10676;100;0;8;31.8802;47320.7
HAM;2201.2;262.396;7;10689;100;0;8;31.9282;47320.8
HAM;2204.7;262.925;7;10702;100;0;8;31.9762;47320.8
HAM;2208.21;263.453;7;10716;100;0;8;32.0242;47320.9
HAM;2211.73;263.982;7;10729;100;0;8;32.0722;47320.9
HAM;2215.25;264.51;7;10743;100;0;8;32.1202;47320.9
HAM;2218.78;264.985;7;10761;100;0;8;32.1682;47321
HAM;2222.32;265.46;7;10780;100;0;8;32.2162;47321
HAM;2225.86;265.935;7;10799;100;0;8;32.2642;47321.1
HAM;2229.41;266.41;7;10818;100;0;8;32.3122;47321.1
HAM;2232.96;266.885;7;10837;100;0;8;32.3602;47321.2
HAM;2236.52;267.311;7;10851;100;0;8;32.4082;47321.2
HAM;2240.09;267.738;7;10865;100;0;8;32.4562;47321.3
HAM;2243.66;268.164;7;10880;100;0;8;32.5042;47321.3
HAM;2247.24;268.591;7;10894;100;0;8;32.5521;47321.4
HAM;2250.82;269.018;7;10909;100;0;8;32.6001;47321.4
HAM;2254.41;269.401;7;10918;100;0;8;32.6481;47321.5
HAM;2258.01;269.785;7;10927;100;0;8;32.6961;47321.5
HAM;2261.61;270.169;7;10936;100;0;8;32.7441;47321.6
HAM;2265.21;270.553;7;10945;100;0;8;32.7921;47321.6
HAM;2268.82;270.936;7;10955;100;0;8;32.8401;47321.7
HAM;2272.43;271.283;7;10980;100;0;8;32.8881;47321.7
HAM;2276.05;271.63;7;11005;100;0;8;32.9361;47321.8
HAM;2279.68;271.977;7;11031;100;0;8;32.9841;47321.8
HAM;2283.3;272.324;7;11056;100;0;8;33.0321;47321.9
HAM;2286.94;272.671;7;11082;100;0;8;33.0801;47321.9
HAM;2290.57;272.988;7;11097;100;0;8;33.1281;47322
HAM;2294.22;273.305;7;11112;100;0;8;33.1761;47322
HAM;2297.86;273.622;7;11128;100;0;8;33.224;47322.1
HAM;2301.51;273.938;7;11143;100;0;8;33.272;47322.1
HAM;2305.16;274.255;7;11159;100;0;8;33.32;47322.1
HAM;2308.82;274.549;7;11166;100;0;8;33.368;47322.2
HAM;2312.49;274.843;7;11173;100;0;8;33.416;47322.2
HAM;2316.15;275.137;7;11180;100;0;8;33.464;47322.3
HAM;2319.82;275.431;7;11187;100;0;8;33.512;47322.3
HAM;2323.49;275.725;7;11194;100;0;8;33.56;47322.4
HAM;2327.17;276.004;7;11216;100;0;8;33.608;47322.4
HAM;2330.85;276.283;7;11238;100;0;8;33.656;47322.5
HAM;2334.54;276.562;7;11260;100;0;8;33.704;47322.5
HAM;2338.23;276.841;7;11282;100;0;8;33.752;47322.6
HAM;2341.92;277.12;7;11305;100;0;8;33.8;47322.6
HAM;2345.62;277.394;7;11310;100;0;8;33.848;47322.7
HAM;2349.32;277.667;7;11315;100;0;8;33.8959;47322.7
HAM;2353.02;277.941;7;11320;100;0;8;33.9439;47322.8
HAM;2356.73;278.214;7;11325;100;0;8;33.9919;47322.8
HAM;2360.44;278.488;7;11330;100;0;8;34.0399;47322.9
HAM;2364.17;278.767;7;11341;100;0;8;34.0881;47322.9
HAM;2367.9;279.046;7;11352;100;0;8;34.1363;47323
HAM;2371.64;279.325;7;11363;100;0;8;34.1845;47323
HAM;2375.38;279.605;7;11374;100;0;8;34.2327;47323.1
HAM;2379.12;279.884;7;11386;100;0;8;34.2809;47323.1
HAM;2382.86;280.179;7;11395;100;0;8;34.3289;47323.2
HAM;2386.6;280.473;7;11404;100;0;8;34.3769;47323.2
HAM;2390.34;280.767;7;11413;100;0;8;34.4249;47323.3
HAM;2394.08;281.062;7;11422;100;0;8;34.4729;47323.3
HAM;2397.83;281.356;7;11432;100;0;8;34.5209;47323.3
HAM;2401.58;281.685;7;11409;100;0;8;34.5688;47323.4
HAM;2405.34;282.014;7;11386;100;0;8;34.6168;47323.4
HAM;2409.1;282.342;7;11363;100;0;8;34.6648;47323.5
HAM;2412.87;282.671;7;11340;100;0;8;34.7128;47323.5
HAM;2416.64;283;7;11317;100;0;8;34.7608;47323.6
HAM;2420.41;282.8;7;11331;100;0;8;34.8088;47323.6
HAM;2424.18;282.6;7;11346;100;0;8;34.8568;47323.7
HAM;2427.95;282.4;7;11361;100;0;8;34.9048;47323.7
HAM;2431.71;282.2;7;11376;100;0;8;34.9528;47323.8
HAM;2435.47;282;7;11391;100;0;8;35.0008;47323.8
HAM;2439.22;281.4;7;11314;94;20;8;35.0488;47323.9
HAM;2442.97;280.8;7;11238;89;40;8;35.0968;47323.9
HAM;2446.71;280.2;7;11161;84;60;8;35.1448;47324
HAM;2450.44;279.6;7;11085;79;80;8;35.1928;47324
HAM;2454.17;279;7;11009;74;100;8;35.2407;47324.1
HAM;2457.86;275;7;10883;60;100;8;35.2887;47324.1
HAM;2461.5;271;7;10758;46;100;8;35.3367;47324.2
HAM;2465.09;267;7;10632;32;100;8;35.3847;47324.2
HAM;2468.62;263;7;10507;18;100;8;35.4327;47324.3
HAM;2472.1;259;7;10382;4;100;8;35.4807;47324.3
HAM;2475.53;256;7;10548;3;100;8;35.5287;47324.4
HAM;2478.92;253;7;10715;2;100;8;35.5767;47324.4
HAM;2482.28;250;7;10881;1;100;8;35.6247;47324.5
HAM;2485.59;247;7;11048;0;100;8;35.6727;47324.5
HAM;2488.86;244;7;11215;0;100;8;35.7207;47324.5
HAM;2492.1;241.4;7;11115;0;80;8;35.7687;47324.6
HAM;2495.3;238.8;7;11016;0;60;8;35.8167;47324.6
HAM;2498.46;236.2;7;10917;0;40;8;35.8647;47324.7
HAM;2501.6;233.6;7;10818;0;20;8;35.9126;47324.7
HAM;2504.69;231;6;10719;1;0;8;35.9606;47324.8
HAM;2507.76;229.6;6;10674;6;0;8;36.0086;47324.8
HAM;2510.81;228.2;6;10629;12;0;8;36.0566;47324.9
HAM;2513.85;226.8;6;10584;18;0;8;36.1046;47324.9
HAM;2516.86;225.4;6;10539;24;0;8;36.1526;47325
HAM;2519.86;224;6;10495;30;0;8;36.2006;47325
HAM;2522.84;223.4;6;10485;43;0;8;36.2486;47325.1
HAM;2525.81;222.8;6;10475;56;0;8;36.2966;47325.1
HAM;2528.78;222.2;6;10465;69;0;8;36.3446;47325.2
HAM;2531.74;221.6;6;10455;82;0;8;36.3926;47325.2
HAM;2534.69;221;6;10446;95;0;8;36.4406;47325.3
HAM;2538.13;222;6;10503;96;0;8;36.4966;47325.3
HAM;2541.59;223;6;10561;97;0;8;36.5525;47325.4
HAM;2545.07;224;6;10619;98;0;8;36.6085;47325.4
HAM;2548.56;225;6;10677;99;0;8;36.6645;47325.5
HAM;2552.07;226;6;10735;100;0;8;36.7205;47325.5
HAM;2555.09;227.2;6;10762;100;0;8;36.7685;47325.6
HAM;2558.13;228.4;6;10790;100;0;8;36.8165;47325.6
HAM;2561.18;229.6;6;10818;100;0;8;36.8645;47325.7
HAM;2564.25;230.8;6;10846;100;0;8;36.9125;47325.7
HAM;2567.33;232;6;10874;100;0;8;36.9605;47325.8
HAM;2570.43;232.4;6;10920;100;0;8;37.0085;47325.8
HAM;2573.53;232.8;6;10967;100;0;8;37.0565;47325.9
HAM;2576.64;233.2;6;11014;100;0;8;37.1045;47325.9
HAM;2579.75;233.6;6;11061;100;0;8;37.1525;47326
HAM;2582.86;234;6;11108;100;0;8;37.2005;47326
HAM;2585.99;234.914;6;11124;100;0;8;37.2484;47326.1
HAM;2589.13;235.828;6;11140;100;0;8;37.2964;47326.1
HAM;2592.28;236.742;6;11156;100;0;8;37.3444;47326.2
HAM;2595.44;237.656;6;11172;100;0;8;37.3924;47326.2
HAM;2598.61;238.57;6;11188;100;0;8;37.4404;47326.3
HAM;2601.8;239.383;6;11236;100;0;8;37.4884;47326.3
HAM;2605;240.196;6;11284;100;0;8;37.5364;47326.4
HAM;2608.2;241.01;6;11332;100;0;8;37.5844;47326.4
HAM;2611.42;241.823;6;11380;100;0;8;37.6324;47326.5
HAM;2614.65;242.636;6;11428;100;0;8;37.6804;47326.5
HAM;2617.89;243.405;6;11459;100;0;8;37.7284;47326.6
HAM;2621.14;244.174;6;11490;100;0;8;37.7764;47326.6
HAM;2624.4;244.943;6;11521;100;0;8;37.8244;47326.7
HAM;2627.67;245.711;6;11552;100;0;8;37.8724;47326.7
HAM;2630.95;246.48;6;11584;100;0;8;37.9203;47326.7
HAM;2634.24;247.217;6;11612;100;0;8;37.9683;47326.8
HAM;2637.55;247.954;6;11640;100;0;8;38.0163;47326.8
HAM;2640.86;248.691;6;11669;100;0;8;38.0643;47326.9
HAM;2644.18;249.427;6;11697;100;0;8;38.1123;47326.9
HAM;2647.51;250.164;6;11726;100;0;8;38.1603;47327
HAM;2650.85;250.878;6;11768;100;0;8;38.2083;47327
HAM;2654.2;251.592;6;11810;100;0;8;38.2563;47327.1
HAM;2657.55;252.306;6;11852;100;0;8;38.3043;47327.1
HAM;2660.92;253.02;6;11894;100;0;8;38.3523;47327.2
HAM;2664.3;253.733;6;11936;100;0;8;38.4003;47327.2
HAM;2667.69;254.431;6;11936;100;0;8;38.4483;47327.3
HAM;2671.08;255.129;6;11936;100;0;8;38.4963;47327.3
HAM;2674.49;255.826;6;11936;100;0;8;38.5443;47327.4
HAM;2677.9;256.524;6;11936;100;0;8;38.5922;47327.4
HAM;2681.33;257.221;6;11936;100;0;8;38.6402;47327.5
HAM;2684.76;257.906;6;11684;100;0;8;38.6882;47327.5
HAM;2688.21;258.591;6;11432;100;0;8;38.7362;47327.6
HAM;2691.66;259.275;6;11180;100;0;8;38.7842;47327.6
HAM;2695.12;259.96;6;10928;100;0;8;38.8322;47327.7
HAM;2698.59;260.645;7;10676;100;0;8;38.8802;47327.7
HAM;2702.07;261.317;7;10695;100;0;8;38.9282;47327.8
HAM;2705.56;261.989;7;10714;100;0;8;38.9762;47327.8
HAM;2709.05;262.662;7;10734;100;0;8;39.0242;47327.9
HAM;2712.56;263.334;7;10753;100;0;8;39.0722;47327.9
HAM;2716.07;264.006;7;10773;100;0;8;39.1202;47327.9
HAM;2719.6;264.663;7;10783;100;0;8;39.1682;47328
HAM;2723.13;265.32;7;10794;100;0;8;39.2162;47328
HAM;2726.67;265.977;7;10805;100;0;8;39.2641;47328.1
HAM;2730.22;266.634;7;10816;100;0;8;39.3121;47328.1
HAM;2733.78;267.291;7;10827;100;0;8;39.3601;47328.2
HAM;2737.35;267.927;7;10861;100;0;8;39.4081;47328.2
HAM;2740.93;268.562;7;10895;100;0;8;39.4561;47328.3
HAM;2744.51;269.198;7;10930;100;0;8;39.5041;47328.3
HAM;2748.1;269.834;7;10964;100;0;8;39.5521;47328.4
HAM;2751.7;270.469;7;10999;100;0;8;39.6001;47328.4
HAM;2755.31;271.074;7;11014;100;0;8;39.6481;47328.5
HAM;2758.93;271.678;7;11029;100;0;8;39.6961;47328.5
HAM;2762.56;272.283;7;11044;100;0;8;39.7441;47328.6
HAM;2766.19;272.887;7;11059;100;0;8;39.7921;47328.6
HAM;2769.83;273.492;7;11075;100;0;8;39.8401;47328.7
HAM;2773.48;274.052;7;11107;100;0;8;39.8881;47328.7
HAM;2777.14;274.613;7;11140;100;0;8;39.936;47328.8
HAM;2780.81;275.173;7;11172;100;0;8;39.984;47328.8
HAM;2784.48;275.733;7;11205;100;0;8;40.032;47328.9
HAM;2788.16;276.294;7;11238;100;0;8;40.08;47328.9
HAM;2791.84;276.835;7;11259;100;0;8;40.128;47329
HAM;2795.54;277.376;7;11280;100;0;8;40.176;47329
HAM;2799.24;277.917;7;11301;100;0;8;40.224;47329.1
HAM;2802.95;278.459;7;11322;100;0;8;40.272;47329.1
HAM;2806.66;279;7;11343;100;0;8;40.32;47329.1
HAM;2810.39;279.4;7;11350;100;0;8;40.368;47329.2
HAM;2814.11;279.8;7;11357;100;0;8;40.416;47329.2
HAM;2817.85;280.2;7;11364;100;0;8;40.464;47329.3
HAM;2821.58;280.6;7;11371;100;0;8;40.512;47329.3
HAM;2825.33;281;7;11379;100;0;8;40.56;47329.4
HAM;2829.08;281.4;7;11397;100;0;8;40.6079;47329.4
HAM;2832.83;281.8;7;11415;100;0;8;40.6559;47329.5
HAM;2836.59;282.2;7;11433;100;0;8;40.7039;47329.5
HAM;2840.36;282.6;7;11451;100;0;8;40.7519;47329.6
HAM;2844.13;283;7;11470;100;0;8;40.7999;47329.6
HAM;2847.29;283.4;7;11490;100;0;8;40.8401;47329.7
HAM;2850.45;283.8;7;11510;100;0;8;40.8803;47329.7
HAM;2853.62;284.2;7;11530;100;0;8;40.9205;47329.7
HAM;2856.8;284.6;7;11550;100;0;8;40.9607;47329.8
HAM;2859.98;285;7;11571;100;0;8;41.0009;47329.8
HAM;2863.78;285.2;7;11555;100;0;8;41.0489;47329.9
HAM;2867.58;285.4;7;11540;100;0;8;41.0969;47329.9
HAM;2871.39;285.6;7;11524;100;0;8;41.1449;47330
HAM;2875.2;285.8;7;11509;100;0;8;41.1929;47330
HAM;2879.01;286;7;11494;100;0;8;41.2409;47330.1
HAM;2882.82;285.6;7;11503;100;0;8;41.2888;47330.1
HAM;2886.63;285.2;7;11512;100;0;8;41.3368;47330.2
HAM;2890.42;284.8;7;11521;100;0;8;41.3848;47330.2
HAM;2894.22;284.4;7;11530;100;0;8;41.4328;47330.3
HAM;2898.01;284;7;11539;100;0;8;41.4808;47330.3
HAM;2901.79;283.6;7;11522;99;0;8;41.5288;47330.4
HAM;2905.57;283.2;7;11506;98;0;8;41.5768;47330.4
HAM;2909.34;282.8;7;11490;97;0;8;41.6248;47330.5
HAM;2913.11;282.4;7;11474;96;0;8;41.6728;47330.5
HAM;2916.87;282;7;11458;96;0;8;41.7208;47330.5
HAM;2920.62;280.8;7;11438;92;0;8;41.7688;47330.6
HAM;2924.36;279.6;7;11418;89;0;8;41.8168;47330.6
HAM;2928.08;278.4;7;11398;86;0;8;41.8648;47330.7
HAM;2931.78;277.2;7;11378;83;0;8;41.9128;47330.7
HAM;2935.47;276;7;11359;80;0;8;41.9607;47330.8
HAM;2939.15;275.6;7;11267;78;0;8;42.0087;47330.8
HAM;2942.82;275.2;7;11176;76;0;8;42.0567;47330.9
HAM;2946.48;274.8;7;11084;75;0;8;42.1047;47330.9
HAM;2950.14;274.4;7;10993;73;0;8;42.1527;47331
HAM;2953.8;274;7;10902;72;0;8;42.2007;47331
HAM;2957.42;269.4;7;10721;57;20;8;42.2487;47331.1
HAM;2960.98;264.8;7;10540;43;40;8;42.2967;47331.1
HAM;2964.48;260.2;7;10359;28;60;8;42.3447;47331.2
HAM;2967.92;255.6;7;10178;14;80;8;42.3927;47331.2
HAM;2971.3;251;7;9997;0;100;8;42.4407;47331.3
HAM;2974.59;242.6;7;9859;0;100;8;42.4887;47331.3
HAM;2977.76;234.2;7;9722;0;100;8;42.5367;47331.4
HAM;2980.83;225.8;7;9584;0;100;8;42.5847;47331.4
HAM;2983.79;217.4;7;9447;0;100;8;42.6326;47331.5
HAM;2986.63;209;7;9310;0;100;8;42.6806;47331.5
HAM;2989.39;205;7;9313;0;100;8;42.7286;47331.6
HAM;2992.09;201;7;9317;0;100;8;42.7766;47331.6
HAM;2994.75;197;7;9321;0;100;8;42.8246;47331.7
HAM;2997.35;193;7;9325;0;100;8;42.8726;47331.7
HAM;2999.89;189;7;9329;0;100;8;42.9206;47331.7
HAM;3002.39;185.2;7;9483;0;100;8;42.9686;47331.8
HAM;3004.83;181.4;7;9637;0;100;8;43.0166;47331.8
HAM;3007.22;177.6;7;9792;0;100;8;43.0646;47331.9
HAM;3009.57;173.8;7;9946;0;100;8;43.1126;47331.9
HAM;3011.86;170;5;10101;0;100;8;43.1606;47332
HAM;3014.11;168.2;5;10009;0;100;8;43.2086;47332
HAM;3016.34;166.4;5;9917;0;100;8;43.2565;47332.1
HAM;3018.55;164.6;5;9825;0;100;8;43.3045;47332.1
HAM;3020.73;162.8;5;9733;0;100;8;43.3525;47332.2
HAM;3022.89;161;4;9642;0;100;8;43.4005;47332.2
HAM;3025.03;160;4;9559;0;80;8;43.4485;47332.3
HAM;3027.15;159;4;9476;0;60;8;43.4965;47332.3
HAM;3029.27;158;4;9393;0;40;8;43.5445;47332.4
HAM;3031.37;157;4;9310;0;20;8;43.5925;47332.4
HAM;3033.45;156;4;9228;0;0;8;43.6405;47332.5
HAM;3035.52;154;4;9245;4;0;8;43.6885;47332.5
HAM;3037.56;152;4;9263;8;0;8;43.7365;47332.6
HAM;3039.57;150;4;9280;13;0;8;43.7845;47332.6
HAM;3041.56;148;4;9298;17;0;8;43.8325;47332.7
HAM;3043.52;146;4;9316;22;0;8;43.8805;47332.7
HAM;3045.47;146.4;4;9339;29;0;8;43.9284;47332.8
HAM;3047.42;146.8;4;9362;37;0;8;43.9764;47332.8
HAM;3049.38;147.2;4;9385;45;0;8;44.0244;47332.9
HAM;3051.35;147.6;4;9408;53;0;8;44.0724;47332.9
HAM;3053.32;148;4;9432;61;0;8;44.1204;47332.9
HAM;3055.3;148.8;4;9454;63;0;8;44.1684;47333
HAM;3057.28;149.6;4;9476;65;0;8;44.2164;47333
HAM;3059.28;150.4;4;9499;68;0;8;44.2644;47333.1
HAM;3061.3;151.2;4;9521;70;0;8;44.3124;47333.1
HAM;3063.32;152;4;9544;73;0;8;44.3604;47333.2
HAM;3065.35;153.4;4;9658;76;0;8;44.4084;47333.2
HAM;3067.41;154.8;4;9772;80;0;8;44.4564;47333.3
HAM;3069.48;156.2;4;9887;84;0;8;44.5044;47333.3
HAM;3071.57;157.6;4;10001;88;0;8;44.5524;47333.4
HAM;3073.68;159;4;10116;92;0;8;44.6004;47333.4
HAM;3075.81;160.8;4;10123;93;0;8;44.6483;47333.5
HAM;3077.97;162.6;4;10130;95;0;8;44.6963;47333.5
HAM;3080.15;164.4;4;10137;96;0;8;44.7443;47333.6
HAM;3082.35;166.2;4;10144;98;0;8;44.7923;47333.6
HAM;3084.58;168;4;10151;100;0;8;44.8403;47333.7
HAM;3087.21;170.2;4;10382;100;0;8;44.8963;47333.7
HAM;3089.87;172.4;4;10613;100;0;8;44.9523;47333.8
HAM;3092.57;174.6;4;10845;100;0;8;45.0083;47333.8
HAM;3095.31;176.8;4;11076;100;0;8;45.0643;47333.9
HAM;3098.07;179;4;11308;100;0;8;45.1203;47333.9
HAM;3100.47;181;4;11411;100;0;8;45.1683;47334
HAM;3102.9;183;4;11514;100;0;8;45.2163;47334
HAM;3105.35;185;4;11617;100;0;8;45.2642;47334.1
HAM;3107.83;187;4;11720;100;0;8;45.3122;47334.1
HAM;3110.34;189;4;11824;100;0;8;45.3602;47334.2
HAM;3112.86;190.2;4;11929;100;0;8;45.4082;47334.2
HAM;3115.41;191.4;4;12035;100;0;8;45.4562;47334.3
HAM;3117.97;192.6;4;12140;100;0;8;45.5042;47334.3
HAM;3120.54;193.8;4;12246;100;0;8;45.5522;47334.4
HAM;3123.14;195;4;12352;100;0;8;45.6002;47334.4
HAM;3125.74;196;4;12114;100;0;8;45.6482;47334.5
HAM;3128.36;197;4;11876;100;0;8;45.6962;47334.5
HAM;3130.99;198;4;11638;100;0;8;45.7442;47334.6
HAM;3133.64;199;4;11400;100;0;8;45.7922;47334.6
HAM;3136.3;200;5;11162;100;0;8;45.8402;47334.7
HAM;3138.98;201.881;5;11224;100;0;8;45.8882;47334.7
HAM;3141.68;203.762;5;11286;100;0;8;45.9362;47334.8
HAM;3144.41;205.642;5;11349;100;0;8;45.9841;47334.8
HAM;3147.17;207.523;5;11411;100;0;8;46.0321;47334.9
HAM;3149.94;209.404;5;11474;100;0;8;46.0801;47334.9
HAM;3152.75;210.923;5;11532;100;0;8;46.1281;47335
HAM;3155.57;212.443;5;11590;100;0;8;46.1761;47335
HAM;3158.41;213.962;5;11648;100;0;8;46.2241;47335.1
HAM;3161.27;215.482;5;11706;100;0;8;46.2721;47335.1
HAM;3164.16;217.001;5;11765;100;0;8;46.3201;47335.1
HAM;3167.06;218.326;5;11812;100;0;8;46.3681;47335.2
HAM;3169.98;219.651;5;11859;100;0;8;46.4161;47335.2
HAM;3172.91;220.975;5;11907;100;0;8;46.4641;47335.3
HAM;3175.87;222.3;5;11954;100;0;8;46.5121;47335.3
HAM;3178.84;223.625;5;12002;100;0;8;46.5601;47335.4
HAM;3181.83;224.788;5;11853;100;0;8;46.608;47335.4
HAM;3184.83;225.95;5;11705;100;0;8;46.656;47335.5
HAM;3187.85;227.113;5;11557;100;0;8;46.704;47335.5
HAM;3190.89;228.276;5;11409;100;0;8;46.752;47335.6
HAM;3193.94;229.439;5;11261;100;0;8;46.8;47335.6
HAM;3197.01;230.469;5;11225;100;0;8;46.848;47335.7
HAM;3200.09;231.499;5;11190;100;0;8;46.896;47335.7
HAM;3203.18;232.529;5;11155;100;0;8;46.944;47335.8
HAM;3206.29;233.559;5;11120;100;0;8;46.992;47335.8
HAM;3209.41;234.588;6;11085;100;0;8;47.04;47335.9
HAM;3212.54;235.511;6;11118;100;0;8;47.088;47335.9
HAM;3215.69;236.433;6;11153;100;0;8;47.136;47336
HAM;3218.84;237.356;6;11186;100;0;8;47.184;47336
HAM;3222.01;238.278;6;11221;100;0;8;47.232;47336.1
HAM;3225.2;239.2;6;11255;100;0;8;47.28;47336.1
HAM;3227.87;239.906;6;11291;100;0;8;47.3201;47336.1
HAM;3230.55;240.611;6;11327;100;0;8;47.3603;47336.2
HAM;3233.24;241.317;6;11363;100;0;8;47.4005;47336.2
HAM;3235.94;242.022;6;11399;100;0;8;47.4407;47336.3
HAM;3238.65;242.727;6;11436;100;0;8;47.4809;47336.3
HAM;3241.89;243.505;6;11470;100;0;8;47.5289;47336.4
HAM;3245.14;244.283;6;11505;100;0;8;47.5769;47336.4
HAM;3248.4;245.061;6;11540;100;0;8;47.6249;47336.5
HAM;3251.68;245.839;6;11575;100;0;8;47.6729;47336.5
HAM;3254.96;246.616;6;11610;100;0;8;47.7209;47336.5
HAM;3258.25;247.337;6;11632;100;0;8;47.7689;47336.6
HAM;3261.55;248.058;6;11655;100;0;8;47.8169;47336.6
HAM;3264.86;248.779;6;11678;100;0;8;47.8649;47336.7
HAM;3268.19;249.5;6;11701;100;0;8;47.9129;47336.7
HAM;3271.52;250.22;6;11724;100;0;8;47.9608;47336.8
HAM;3274.86;250.894;6;11750;100;0;8;48.0088;47336.8
HAM;3278.21;251.568;6;11777;100;0;8;48.0568;47336.9
HAM;3281.56;252.242;6;11803;100;0;8;48.1048;47336.9
HAM;3284.93;252.916;6;11830;100;0;8;48.1528;47337
HAM;3288.31;253.589;6;11857;100;0;8;48.2008;47337
HAM;3291.69;254.222;6;11769;100;0;8;48.2488;47337.1
HAM;3295.09;254.854;6;11681;100;0;8;48.2968;47337.1
HAM;3298.49;255.487;6;11594;100;0;8;48.3448;47337.2
HAM;3301.9;256.119;6;11506;100;0;8;48.3928;47337.2
HAM;3305.32;256.752;6;11419;100;0;8;48.4408;47337.3
HAM;3308.74;257.344;6;11210;100;0;8;48.4888;47337.3
HAM;3312.18;257.937;6;11001;100;0;8;48.5368;47337.4
HAM;3315.62;258.53;6;10793;100;0;8;48.5848;47337.4
HAM;3319.07;259.122;6;10584;100;0;8;48.6327;47337.5
HAM;3322.53;259.715;7;10376;100;0;8;48.6807;47337.5
HAM;3326;260.264;7;10436;100;0;8;48.7287;47337.6
HAM;3329.47;260.814;7;10497;100;0;8;48.7767;47337.6
HAM;3332.95;261.363;7;10557;100;0;8;48.8247;47337.7
HAM;3336.44;261.913;7;10618;100;0;8;48.8727;47337.7
HAM;3339.93;262.463;7;10679;100;0;8;48.9207;47337.7
HAM;3343.44;262.962;7;10691;100;0;8;48.9687;47337.8
HAM;3346.94;263.46;7;10703;100;0;8;49.0167;47337.8
HAM;3350.46;263.959;7;10716;100;0;8;49.0647;47337.9
HAM;3353.98;264.458;7;10728;100;0;8;49.1127;47337.9
HAM;3357.51;264.957;7;10741;100;0;8;49.1607;47338
HAM;3361.05;265.393;7;10755;100;0;8;49.2087;47338
HAM;3364.59;265.829;7;10769;100;0;8;49.2567;47338.1
HAM;3368.13;266.265;7;10783;100;0;8;49.3046;47338.1
HAM;3371.69;266.7;7;10797;100;0;8;49.3526;47338.2
HAM;3375.24;267.136;7;10812;100;0;8;49.4006;47338.2
HAM;3378.81;267.509;7;10836;100;0;8;49.4486;47338.3
HAM;3382.38;267.882;7;10861;100;0;8;49.4966;47338.3
HAM;3385.95;268.255;7;10885;100;0;8;49.5446;47338.4
HAM;3389.53;268.627;7;10910;100;0;8;49.5926;47338.4
HAM;3393.11;269;7;10935;100;0;8;49.6406;47338.5
HAM;3396.7;269.6;7;10970;100;0;8;49.6886;47338.5
HAM;3400.3;270.2;7;11007;100;0;8;49.7366;47338.6
HAM;3403.91;270.8;7;11042;100;0;8;49.7846;47338.6
HAM;3407.52;271.4;7;11079;100;0;8;49.8326;47338.7
HAM;3411.14;272;7;11115;100;0;8;49.8806;47338.7
HAM;3414.77;272.2;7;11130;100;0;8;49.9286;47338.8
HAM;3418.4;272.4;7;11145;100;0;8;49.9765;47338.8
HAM;3422.03;272.6;7;11160;100;0;8;50.0245;47338.9
HAM;3425.67;272.8;7;11175;100;0;8;50.0725;47338.9
HAM;3429.31;273;7;11190;100;0;8;50.1205;47338.9
HAM;3432.95;273.2;7;11164;100;0;8;50.1685;47339
HAM;3436.59;273.4;7;11138;100;0;8;50.2165;47339
HAM;3440.24;273.6;7;11112;100;0;8;50.2645;47339.1
HAM;3443.89;273.8;7;11086;100;0;8;50.3125;47339.1
HAM;3447.54;274;7;11060;100;0;8;50.3605;47339.2
HAM;3451.19;273.2;7;11060;100;20;8;50.4085;47339.2
HAM;3454.82;272.4;7;11060;100;40;8;50.4565;47339.3
HAM;3458.45;271.6;7;11060;100;60;8;50.5045;47339.3
HAM;3462.06;270.8;7;11060;100;80;8;50.5525;47339.4
HAM;3465.67;270;7;11061;100;100;8;50.6005;47339.4
HAM;3469.25;267;7;10809;80;100;8;50.6484;47339.5
HAM;3472.79;264;7;10557;60;100;8;50.6964;47339.5
HAM;3476.29;261;7;10305;40;100;8;50.7444;47339.6
HAM;3479.75;258;7;10053;20;100;8;50.7924;47339.6
HAM;3483.17;255;7;9801;0;100;8;50.8404;47339.7
HAM;3486.5;244.4;7;9547;0;100;8;50.8884;47339.7
HAM;3489.68;233.8;7;9293;0;100;8;50.9364;47339.8
HAM;3492.73;223.2;7;9040;0;100;8;50.9844;47339.8
HAM;3495.63;212.6;7;8786;0;100;8;51.0324;47339.9
HAM;3498.4;202;7;8533;0;100;8;51.0804;47339.9
HAM;3501.06;197.2;7;8613;0;100;8;51.1284;47340
HAM;3503.66;192.4;7;8693;0;100;8;51.1764;47340
HAM;3506.19;187.6;7;8774;0;100;8;51.2244;47340.1
HAM;3508.66;182.8;7;8854;0;100;8;51.2724;47340.1
HAM;3511.06;178;7;8935;0;100;8;51.3203;47340.1
HAM;3513.4;173.4;7;8991;0;100;8;51.3683;47340.2
HAM;3515.69;168.8;7;9048;0;100;8;51.4163;47340.2
HAM;3517.91;164.2;7;9105;0;100;8;51.4643;47340.3
HAM;3520.06;159.6;7;9162;0;100;8;51.5123;47340.3
HAM;3522.16;155;7;9219;0;100;8;51.5603;47340.4
HAM;3524.21;152.2;7;9310;0;100;8;51.6083;47340.4
HAM;3526.22;149.4;7;9401;0;100;8;51.6563;47340.5
HAM;3528.19;146.6;7;9492;0;100;8;51.7043;47340.5
HAM;3530.13;143.8;7;9583;0;100;8;51.7523;47340.6
HAM;3532.03;141;7;9675;0;100;8;51.8003;47340.6
HAM;3533.9;139.8;7;9564;0;79;8;51.8483;47340.7
HAM;3535.75;138.6;7;9454;0;59;8;51.8963;47340.7
HAM;3537.59;137.4;7;9344;0;40;8;51.9443;47340.8
HAM;3539.42;136.2;7;9234;0;20;8;51.9922;47340.8
HAM;3541.22;135;4;9124;0;0;8;52.0402;47340.9
HAM;3543.01;133.4;4;9067;0;0;8;52.0882;47340.9
HAM;3544.78;131.8;4;9011;0;0;8;52.1362;47341
HAM;3546.53;130.2;4;8954;0;0;8;52.1842;47341
HAM;3548.25;128.6;4;8898;0;0;8;52.2322;47341.1
HAM;3549.96;127;3;8842;0;0;8;52.2802;47341.1
HAM;3551.65;126.5;3;8844;0;0;8;52.3282;47341.2
HAM;3553.33;126;3;8846;0;0;8;52.3762;47341.2
HAM;3555.01;125.5;3;8849;0;0;8;52.4242;47341.3
HAM;3556.68;125;3;8851;0;0;8;52.4722;47341.3
HAM;3558.34;124.5;3;8854;1;0;8;52.5202;47341.3
HAM;3559.99;124;3;8745;2;0;8;52.5682;47341.4
HAM;3561.64;123.5;3;8638;3;0;8;52.6162;47341.4
HAM;3563.29;123;3;8529;4;0;8;52.6641;47341.5
HAM;3564.92;122.5;3;8422;5;0;8;52.7121;47341.5
HAM;3566.55;122;3;8314;7;0;8;52.7601;47341.6
HAM;3568.17;121;3;8274;7;0;8;52.8081;47341.6
HAM;3569.78;120;3;8235;7;0;8;52.8561;47341.7
HAM;3571.37;119;3;8195;8;0;8;52.9041;47341.7
HAM;3572.95;118;3;8156;8;0;8;52.9521;47341.8
HAM;3574.52;117;3;8117;9;0;8;53.0001;47341.8
HAM;3576.34;116.6;3;8156;16;0;8;53.0561;47341.9
HAM;3578.15;116.2;3;8196;23;0;8;53.1121;47341.9
HAM;3579.95;115.8;3;8235;29;0;8;53.1681;47342
HAM;3581.75;115.4;3;8275;36;0;8;53.2241;47342.1
HAM;3583.54;115;3;8315;44;0;8;53.2801;47342.1
HAM;3585.08;115.6;3;8384;47;0;8;53.328;47342.2
HAM;3586.62;116.2;3;8454;49;0;8;53.376;47342.2
HAM;3588.18;116.8;3;8523;53;0;8;53.424;47342.3
HAM;3589.74;117.4;3;8593;55;0;8;53.472;47342.3
HAM;3591.31;118;3;8663;59;0;8;53.52;47342.3
HAM;3592.89;119.6;3;8712;61;0;8;53.568;47342.4
HAM;3594.49;121.2;3;8761;64;0;8;53.616;47342.4
HAM;3596.12;122.8;3;8810;66;0;8;53.664;47342.5
HAM;3597.77;124.4;3;8859;69;0;8;53.712;47342.5
HAM;3599.44;126;3;8909;72;0;8;53.76;47342.6
HAM;3601.13;126.8;3;9149;74;0;8;53.8082;47342.6
HAM;3602.83;127.6;3;9390;76;0;8;53.8564;47342.7
HAM;3604.55;128.4;3;9630;79;0;8;53.9046;47342.7
HAM;3606.27;129.2;3;9871;81;0;8;53.9528;47342.8
HAM;3608.01;130;3;10112;84;0;8;54.0009;47342.8
HAM;3609.75;132.4;3;10298;87;0;8;54.0489;47342.9
HAM;3611.54;134.8;3;10485;90;0;8;54.0969;47342.9
HAM;3613.35;137.2;3;10672;93;0;8;54.1449;47343
HAM;3615.19;139.6;3;10859;96;0;8;54.1929;47343
HAM;3617.07;142;3;11046;100;0;8;54.2409;47343.1
HAM;3618.99;145.8;3;11074;100;0;8;54.2889;47343.1
HAM;3620.96;149.6;3;11102;100;0;8;54.3369;47343.2
HAM;3622.98;153.4;3;11130;100;0;8;54.3849;47343.2
HAM;3625.05;157.2;3;11157;100;0;8;54.4329;47343.3
HAM;3627.17;161;3;11186;100;0;8;54.4809;47343.3
HAM;3629.33;162.6;3;11374;100;0;8;54.5289;47343.4
HAM;3631.5;164.2;3;11563;100;0;8;54.5769;47343.4
HAM;3633.7;165.8;3;11751;100;0;8;54.6249;47343.5
HAM;3635.93;167.4;3;11940;100;0;8;54.6728;47343.5
HAM;3638.17;169;3;12129;100;0;8;54.7208;47343.5
HAM;3640.43;170.8;3;12020;100;0;8;54.7688;47343.6
HAM;3642.72;172.6;3;11912;100;0;8;54.8168;47343.6
HAM;3645.03;174.4;3;11803;100;0;8;54.8648;47343.7
HAM;3647.37;176.2;3;11695;100;0;8;54.9128;47343.7
HAM;3649.73;178;3;11587;100;0;8;54.9608;47343.8
HAM;3652.12;179.6;3;11637;100;0;8;55.0088;47343.8
HAM;3654.52;181.2;3;11689;100;0;8;55.0568;47343.9
HAM;3656.95;182.8;3;11739;100;0;8;55.1048;47343.9
HAM;3659.4;184.4;3;11791;100;0;8;55.1528;47344
HAM;3661.86;186;4;11842;100;0;8;55.2008;47344
HAM;3664.36;188;4;11945;100;0;8;55.2488;47344.1
HAM;3666.88;190;4;12049;100;0;8;55.2968;47344.1
HAM;3669.42;192;4;12152;100;0;8;55.3447;47344.2
HAM;3672;194;4;12256;100;0;8;55.3927;47344.2
HAM;3674.6;196;4;12360;100;0;8;55.4407;47344.3
HAM;3677.22;198;4;12121;100;0;8;55.4887;47344.3
HAM;3679.87;200.001;4;11883;100;0;8;55.5367;47344.4
HAM;3682.55;202.001;4;11645;100;0;8;55.5847;47344.4
HAM;3685.26;204.001;4;11407;100;0;8;55.6327;47344.5
HAM;3687.99;206.001;5;11169;100;0;8;55.6807;47344.5
HAM;3690.75;207.612;5;11269;100;0;8;55.7287;47344.6
HAM;3693.53;209.223;5;11370;100;0;8;55.7767;47344.6
HAM;3696.33;210.834;5;11470;100;0;8;55.8247;47344.7
HAM;3699.15;212.445;5;11571;100;0;8;55.8727;47344.7
HAM;3701.99;214.056;5;11672;100;0;8;55.9207;47344.7
HAM;3704.86;215.524;5;11737;100;0;8;55.9687;47344.8
HAM;3707.74;216.992;5;11803;100;0;8;56.0166;47344.8
HAM;3710.64;218.46;5;11868;100;0;8;56.0646;47344.9
HAM;3713.56;219.928;5;11934;100;0;8;56.1126;47344.9
HAM;3716.51;221.396;5;12000;100;0;8;56.1606;47345
HAM;3719.47;222.733;5;11827;100;0;8;56.2086;47345
HAM;3722.45;224.069;5;11655;100;0;8;56.2566;47345.1
HAM;3725.44;225.405;5;11484;100;0;8;56.3046;47345.1
HAM;3728.46;226.742;5;11312;100;0;8;56.3526;47345.2
HAM;3731.49;228.078;5;11140;100;0;8;56.4006;47345.2
HAM;3734.54;229.293;5;11122;100;0;8;56.4486;47345.3
HAM;3737.6;230.509;5;11104;100;0;8;56.4966;47345.3
HAM;3740.68;231.724;5;11086;100;0;8;56.5446;47345.4
HAM;3743.78;232.939;5;11068;100;0;8;56.5926;47345.4
HAM;3746.89;234.155;6;11051;100;0;8;56.6406;47345.5
HAM;3750.02;235.26;6;11096;100;0;8;56.6885;47345.5
HAM;3753.16;236.364;6;11140;100;0;8;56.7365;47345.6
HAM;3756.32;237.469;6;11186;100;0;8;56.7845;47345.6
HAM;3759.5;238.574;6;11230;100;0;8;56.8325;47345.7
HAM;3762.68;239.679;6;11276;100;0;8;56.8805;47345.7
HAM;3765.89;240.683;6;11306;100;0;8;56.9285;47345.8
HAM;3769.1;241.687;6;11337;100;0;8;56.9765;47345.8
HAM;3772.33;242.691;6;11368;100;0;8;57.0245;47345.9
HAM;3775.57;243.695;6;11399;100;0;8;57.0725;47345.9
HAM;3778.83;244.699;6;11430;100;0;8;57.1205;47345.9
HAM;3782.1;245.611;6;11468;100;0;8;57.1685;47346
HAM;3785.38;246.524;6;11506;100;0;8;57.2165;47346
HAM;3788.67;247.436;6;11544;100;0;8;57.2645;47346.1
HAM;3791.97;248.349;6;11582;100;0;8;57.3125;47346.1
HAM;3795.29;249.261;6;11621;100;0;8;57.3604;47346.2
HAM;3798.62;250.091;6;11665;100;0;8;57.4084;47346.2
HAM;3801.96;250.92;6;11710;100;0;8;57.4564;47346.3
HAM;3805.31;251.75;6;11754;100;0;8;57.5044;47346.3
HAM;3808.67;252.58;6;11799;100;0;8;57.5524;47346.4
HAM;3812.04;253.409;6;11844;100;0;8;57.6004;47346.4
HAM;3815.43;254.164;6;11752;100;0;8;57.6484;47346.5
HAM;3818.82;254.919;6;11662;100;0;8;57.6964;47346.5
HAM;3822.22;255.674;6;11570;100;0;8;57.7444;47346.6
HAM;3825.64;256.429;6;11480;100;0;8;57.7924;47346.6
HAM;3829.06;257.184;6;11389;100;0;8;57.8404;47346.7
HAM;3832.49;257.872;6;11231;100;0;8;57.8884;47346.7
HAM;3835.94;258.56;6;11073;100;0;8;57.9364;47346.8
HAM;3839.39;259.248;6;10916;100;0;8;57.9844;47346.8
HAM;3842.85;259.936;6;10758;100;0;8;58.0323;47346.9
HAM;3846.32;260.624;7;10601;100;0;8;58.0803;47346.9
HAM;3849.8;261.252;7;10625;100;0;8;58.1283;47347
HAM;3853.28;261.88;7;10649;100;0;8;58.1763;47347
HAM;3856.78;262.508;7;10674;100;0;8;58.2243;47347.1
HAM;3860.28;263.137;7;10698;100;0;8;58.2723;47347.1
HAM;3863.8;263.765;7;10723;100;0;8;58.3203;47347.1
HAM;3867.32;264.339;7;10737;100;0;8;58.3683;47347.2
HAM;3870.84;264.914;7;10752;100;0;8;58.4163;47347.2
HAM;3874.38;265.489;7;10767;100;0;8;58.4643;47347.3
HAM;3877.92;266.063;7;10782;100;0;8;58.5123;47347.3
HAM;3881.47;266.638;7;10797;100;0;8;58.5603;47347.4
HAM;3885.03;267.165;7;10826;100;0;8;58.6083;47347.4
HAM;3888.6;267.693;7;10855;100;0;8;58.6563;47347.5
HAM;3892.17;268.22;7;10884;100;0;8;58.7042;47347.5
HAM;3895.75;268.747;7;10912;100;0;8;58.7522;47347.6
HAM;3899.33;269.274;7;10942;100;0;8;58.8002;47347.6
HAM;3902.93;269.76;7;10959;100;0;8;58.8482;47347.7
HAM;3906.53;270.245;7;10977;100;0;8;58.8962;47347.7
HAM;3910.13;270.73;7;10994;100;0;8;58.9442;47347.8
HAM;3913.75;271.215;7;11012;100;0;8;58.9922;47347.8
HAM;3917.36;271.7;7;11030;100;0;8;59.0402;47347.9
HAM;3920.99;272.148;7;11054;100;0;8;59.0882;47347.9
HAM;3924.62;272.596;7;11078;100;0;8;59.1362;47348
HAM;3928.26;273.044;7;11102;100;0;8;59.1842;47348
HAM;3931.9;273.492;7;11126;100;0;8;59.2322;47348.1
HAM;3935.55;273.939;7;11150;100;0;8;59.2802;47348.1
HAM;3939.81;274.42;7;11160;100;0;8;59.3362;47348.2
HAM;3944.09;274.901;7;11171;100;0;8;59.3921;47348.2
HAM;3948.37;275.382;7;11181;100;0;8;59.4481;47348.3
HAM;3952.65;275.863;7;11192;100;0;8;59.5041;47348.3
HAM;3956.95;276.344;7;11203;100;0;8;59.5601;47348.4
HAM;3960.63;276.724;7;11227;100;0;8;59.6081;47348.4
HAM;3964.32;277.105;7;11251;100;0;8;59.6561;47348.5
HAM;3968.02;277.485;7;11276;100;0;8;59.7041;47348.5
HAM;3971.72;277.866;7;11300;100;0;8;59.7521;47348.6
HAM;3975.43;278.246;7;11325;100;0;8;59.8001;47348.6
HAM;3979.14;278.6;7;11332;100;0;8;59.8481;47348.7
HAM;3982.86;278.955;7;11340;100;0;8;59.8961;47348.7
HAM;3986.58;279.309;7;11347;100;0;8;59.9441;47348.8
HAM;3990.31;279.663;7;11355;100;0;8;59.9921;47348.8
HAM;3994.04;280.018;7;11363;100;0;8;60.04;47348.9
HAM;3997.77;280.348;7;11360;100;0;8;60.088;47348.9
HAM;4001.51;280.678;7;11357;100;0;8;60.136;47349
HAM;4005.25;281.009;7;11354;100;0;8;60.184;47349
HAM;4009;281.339;7;11351;100;0;8;60.232;47349.1
HAM;4012.76;281.669;7;11349;100;0;8;60.28;47349.1
HAM;4016.51;281.977;7;11386;100;0;8;60.328;47349.2
HAM;4020.27;282.285;7;11422;100;0;8;60.376;47349.2
HAM;4024.04;282.593;7;11460;100;0;8;60.424;47349.3
HAM;4027.81;282.901;7;11496;100;0;8;60.472;47349.3
HAM;4031.58;283.209;7;11534;100;0;8;60.52;47349.3
HAM;4034.75;283.451;7;11539;100;0;8;60.5602;47349.4
HAM;4037.91;283.692;7;11544;100;0;8;60.6004;47349.4
HAM;4041.08;283.934;7;11550;100;0;8;60.6406;47349.5
HAM;4044.25;284.175;7;11555;100;0;8;60.6808;47349.5
HAM;4047.43;284.416;7;11561;100;0;8;60.7209;47349.5
HAM;4051.22;284.685;7;11569;100;0;8;60.7689;47349.6
HAM;4055.02;284.954;7;11577;100;0;8;60.8169;47349.6
HAM;4058.82;285.223;7;11586;100;0;8;60.8649;47349.7
HAM;4062.62;285.492;7;11594;100;0;8;60.9129;47349.7
HAM;4066.43;285.761;7;11603;100;0;8;60.9609;47349.8
HAM;4070.24;286.008;7;11617;100;0;8;61.0089;47349.8
HAM;4074.05;286.256;7;11632;100;0;8;61.0569;47349.9
HAM;4077.87;286.503;7;11647;100;0;8;61.1049;47349.9
HAM;4081.69;286.751;7;11662;100;0;8;61.1529;47350
HAM;4085.52;286.998;7;11677;100;0;8;61.2009;47350
HAM;4089.35;287.224;7;11693;100;0;8;61.2489;47350.1
HAM;4093.18;287.449;7;11710;100;0;8;61.2969;47350.1
HAM;4097.01;287.674;7;11727;100;0;8;61.3449;47350.2
HAM;4100.85;287.899;7;11744;100;0;8;61.3928;47350.2
HAM;4104.69;288.124;7;11761;100;0;8;61.4408;47350.3
HAM;4108.53;288.326;7;11759;100;0;8;61.4888;47350.3
HAM;4112.37;288.527;7;11757;100;0;8;61.5368;47350.4
HAM;4116.22;288.729;7;11755;100;0;8;61.5848;47350.4
HAM;4120.07;288.93;7;11753;100;0;8;61.6328;47350.5
HAM;4123.93;289.131;7;11751;100;0;8;61.6808;47350.5
HAM;4127.78;289.306;7;11757;100;0;8;61.7288;47350.6
HAM;4131.64;289.482;7;11764;100;0;8;61.7768;47350.6
HAM;4135.5;289.657;7;11771;100;0;8;61.8248;47350.7
HAM;4139.36;289.832;7;11778;100;0;8;61.8728;47350.7
HAM;4143.23;290.007;7;11785;100;0;8;61.9208;47350.7
HAM;4147.09;290.154;7;11783;100;0;8;61.9688;47350.8
HAM;4150.96;290.3;7;11781;100;0;8;62.0168;47350.8
HAM;4154.83;290.446;7;11779;100;0;8;62.0647;47350.9
HAM;4158.71;290.592;7;11777;100;0;8;62.1127;47350.9
HAM;4162.58;290.738;7;11775;100;0;8;62.1607;47351
HAM;4166.46;290.99;7;11793;100;0;8;62.2087;47351
HAM;4170.34;291.243;7;11812;100;0;8;62.2567;47351.1
HAM;4174.23;291.495;7;11830;100;0;8;62.3047;47351.1
HAM;4178.11;291.748;7;11849;100;0;8;62.3527;47351.2
HAM;4182;292;7;11868;100;0;8;62.4007;47351.2
HAM;4185.9;292;7;11848;100;0;8;62.4487;47351.3
HAM;4189.79;292;7;11828;100;0;8;62.4967;47351.3
HAM;4193.68;292;7;11808;100;0;8;62.5447;47351.4
HAM;4197.57;292;7;11788;100;0;8;62.5927;47351.4
HAM;4201.47;292;7;11769;100;0;8;62.6407;47351.5
HAM;4205.36;291.8;7;11769;100;0;8;62.6887;47351.5
HAM;4209.25;291.6;7;11769;100;0;8;62.7366;47351.6
HAM;4213.13;291.4;7;11769;100;0;8;62.7846;47351.6
HAM;4217.02;291.2;7;11769;100;0;8;62.8326;47351.7
HAM;4220.9;291;7;11769;100;0;8;62.8806;47351.7
HAM;4224.78;290.8;7;11667;100;20;8;62.9286;47351.8
HAM;4228.65;290.6;7;11566;100;39;8;62.9766;47351.8
HAM;4232.52;290.4;7;11465;100;60;8;63.0246;47351.9
HAM;4236.39;290.2;7;11364;100;79;8;63.0726;47351.9
HAM;4240.26;290;7;11263;100;100;8;63.1206;47351.9
HAM;4244.07;281.6;7;10991;80;100;8;63.1686;47352
HAM;4247.77;273.2;7;10719;60;100;8;63.2166;47352
HAM;4251.36;264.8;7;10447;40;100;8;63.2646;47352.1
HAM;4254.83;256.4;7;10175;20;100;8;63.3126;47352.1
HAM;4258.19;248;7;9903;0;100;8;63.3606;47352.2
HAM;4261.46;241.8;7;9697;0;100;8;63.4085;47352.2
HAM;4264.64;235.6;7;9491;0;100;8;63.4565;47352.3
HAM;4267.74;229.4;7;9285;0;100;8;63.5045;47352.3
HAM;4270.76;223.2;7;9079;0;100;8;63.5525;47352.4
HAM;4273.69;217;7;8874;0;100;8;63.6005;47352.4
HAM;4276.55;212.2;7;8956;0;100;8;63.6485;47352.5
HAM;4279.35;207.4;7;9038;0;100;8;63.6965;47352.5
HAM;4282.08;202.6;7;9121;0;100;8;63.7445;47352.6
HAM;4284.75;197.8;7;9203;0;100;8;63.7925;47352.6
HAM;4287.35;193;7;9286;0;100;8;63.8405;47352.7
HAM;4289.9;188.2;7;9392;0;100;8;63.8885;47352.7
HAM;4292.37;183.4;7;9498;0;100;8;63.9365;47352.8
HAM;4294.79;178.6;7;9604;0;100;8;63.9845;47352.8
HAM;4297.13;173.8;7;9710;0;100;8;64.0325;47352.9
HAM;4299.42;169;7;9817;0;100;8;64.0804;47352.9
HAM;4301.66;167;7;9802;0;100;8;64.1284;47353
HAM;4303.87;165;7;9787;0;100;8;64.1764;47353
HAM;4306.06;163;7;9772;0;100;8;64.2244;47353.1
HAM;4308.22;161;7;9757;0;100;8;64.2724;47353.1
HAM;4310.35;159;5;9743;0;100;8;64.3204;47353.1
HAM;4312.46;156.8;5;9798;0;100;8;64.3684;47353.2
HAM;4314.53;154.6;5;9854;0;100;8;64.4164;47353.2
HAM;4316.58;152.4;5;9909;0;100;8;64.4644;47353.3
HAM;4318.6;150.2;5;9965;0;100;8;64.5124;47353.3
HAM;4320.58;148;3;10021;0;100;8;64.5604;47353.4
HAM;4322.55;146.4;3;9960;0;79;8;64.6084;47353.4
HAM;4324.49;144.8;3;9900;0;59;8;64.6564;47353.5
HAM;4326.41;143.2;3;9840;0;40;8;64.7044;47353.5
HAM;4328.3;141.6;3;9780;0;20;8;64.7523;47353.6
HAM;4330.18;140;3;9720;0;0;8;64.8003;47353.6
HAM;4332.05;139.8;3;9757;9;0;8;64.8483;47353.7
HAM;4333.91;139.6;3;9795;19;0;8;64.8963;47353.7
HAM;4335.77;139.4;3;9832;28;0;8;64.9443;47353.8
HAM;4337.63;139.2;3;9870;38;0;8;64.9923;47353.8
HAM;4339.48;139;3;9908;48;0;8;65.0403;47353.9
HAM;4341.33;138.4;3;9915;52;0;8;65.0883;47353.9
HAM;4343.17;137.8;3;9923;56;0;8;65.1363;47354
HAM;4345;137.2;3;9930;61;0;8;65.1843;47354
HAM;4346.83;136.6;3;9938;65;0;8;65.2323;47354.1
HAM;4348.65;136;3;9946;70;0;8;65.2803;47354.1
HAM;4350.47;137;3;10108;72;0;8;65.3283;47354.2
HAM;4352.3;138;3;10270;75;0;8;65.3763;47354.2
HAM;4354.14;139;3;10432;78;0;8;65.4242;47354.3
HAM;4356;140;3;10594;81;0;8;65.4722;47354.3
HAM;4357.88;141;3;10757;84;0;8;65.5202;47354.3
HAM;4359.77;142.4;3;10787;84;0;8;65.5682;47354.4
HAM;4361.67;143.8;3;10818;84;0;8;65.6162;47354.4
HAM;4363.6;145.2;3;10849;84;0;8;65.6642;47354.5
HAM;4365.55;146.6;3;10880;84;0;8;65.7122;47354.5
HAM;4367.51;148;3;10911;85;0;8;65.7602;47354.6
HAM;4369.49;149.6;3;11110;87;0;8;65.8082;47354.6
HAM;4371.5;151.2;3;11309;89;0;8;65.8562;47354.7
HAM;4373.52;152.8;3;11507;91;0;8;65.9042;47354.7
HAM;4375.57;154.4;3;11706;93;0;8;65.9522;47354.8
HAM;4377.64;156;3;11906;96;0;8;66.0002;47354.8
HAM;4379.73;158;3;11840;96;0;8;66.0482;47354.9
HAM;4381.85;160;3;11774;97;0;8;66.0961;47354.9
HAM;4384;162;3;11708;98;0;8;66.1441;47355
HAM;4386.17;164;3;11642;99;0;8;66.1921;47355
HAM;4388.37;166;3;11577;100;0;8;66.2401;47355.1
HAM;4390.6;168.4;3;11509;100;0;8;66.2881;47355.1
HAM;4392.86;170.8;3;11441;100;0;8;66.3361;47355.2
HAM;4395.16;173.2;3;11374;100;0;8;66.3841;47355.2
HAM;4397.48;175.6;3;11306;100;0;8;66.4321;47355.3
HAM;4399.84;178;4;11239;100;0;8;66.4801;47355.3
HAM;4402.22;179;4;11281;97;20;8;66.5281;47355.4
HAM;4404.61;180;4;11323;95;40;8;66.5761;47355.4
HAM;4407.02;181;4;11366;92;59;8;66.6241;47355.5
HAM;4409.44;182;4;11408;90;79;8;66.6721;47355.5
HAM;4411.87;183;4;11451;88;100;8;66.7201;47355.5
HAM;4414.72;183.8;4;11336;78;100;8;66.776;47355.6
HAM;4417.59;184.6;4;11222;68;100;8;66.832;47355.7
HAM;4420.46;185.4;4;11107;59;100;8;66.888;47355.7
HAM;4423.35;186.2;4;10993;49;100;8;66.944;47355.8
HAM;4426.26;187;4;10879;40;100;8;67;47355.8
HAM;4428.33;183.6;4;10787;37;100;8;67.0402;47355.9
HAM;4430.36;180.2;4;10696;34;100;8;67.0804;47355.9
HAM;4432.35;176.8;4;10604;31;100;8;67.1206;47355.9
HAM;4434.3;173.4;4;10513;28;100;8;67.1608;47356
HAM;4436.22;170;4;10422;26;100;8;67.201;47356
HAM;4438.48;169.6;4;10323;27;79;8;67.249;47356.1
HAM;4440.74;169.2;4;10224;28;60;8;67.297;47356.1
HAM;4443;168.8;4;10125;29;39;8;67.345;47356.2
HAM;4445.24;168.4;4;10026;30;20;8;67.393;47356.2
HAM;4447.49;168;4;9928;32;0;8;67.4409;47356.3
HAM;4449.72;166.4;4;10019;40;0;8;67.4889;47356.3
HAM;4451.92;164.8;4;10111;48;0;8;67.5369;47356.4
HAM;4454.11;163.2;4;10203;56;0;8;67.5849;47356.4
HAM;4456.27;161.6;4;10295;64;0;8;67.6329;47356.5
HAM;4458.42;160;4;10387;72;0;8;67.6809;47356.5
HAM;4460.56;160.8;4;10427;73;0;8;67.7289;47356.6
HAM;4462.71;161.6;4;10466;74;0;8;67.7769;47356.6
HAM;4464.86;162.4;4;10507;75;0;8;67.8249;47356.7
HAM;4467.04;163.2;4;10546;76;0;8;67.8729;47356.7
HAM;4469.22;164;4;10587;78;0;8;67.9209;47356.7
HAM;4471.41;165.2;4;10650;79;0;8;67.9689;47356.8
HAM;4473.62;166.4;4;10714;81;0;8;68.0169;47356.8
HAM;4475.85;167.6;4;10778;83;0;8;68.0649;47356.9
HAM;4478.09;168.8;4;10842;85;0;8;68.1128;47356.9
HAM;4480.35;170;4;10906;87;0;8;68.1608;47357
HAM;4482.62;171;4;11010;88;0;8;68.2088;47357
HAM;4484.91;172;4;11115;89;0;8;68.2568;47357.1
HAM;4487.21;173;4;11219;90;0;8;68.3048;47357.1
HAM;4489.52;174;4;11324;91;0;8;68.3528;47357.2
HAM;4491.85;175;4;11429;92;0;8;68.4008;47357.2
HAM;4494.19;176.4;4;11477;93;0;8;68.4488;47357.3
HAM;4496.55;177.8;4;11526;95;0;8;68.4968;47357.3
HAM;4498.93;179.2;4;11574;96;0;8;68.5448;47357.4
HAM;4501.33;180.6;4;11623;98;0;8;68.5928;47357.4
HAM;4503.74;182;4;11672;100;0;8;68.6408;47357.5
HAM;4506.19;184.6;4;11850;100;0;8;68.6888;47357.5
HAM;4508.67;187.2;4;12028;100;0;8;68.7368;47357.6
HAM;4511.18;189.8;4;12206;100;0;8;68.7847;47357.6
HAM;4513.73;192.4;4;12384;100;0;8;68.8327;47357.7
HAM;4516.31;195;4;12562;100;0;8;68.8807;47357.7
HAM;4518.92;196;4;12338;100;0;8;68.9287;47357.8
HAM;4521.54;197;4;12114;100;0;8;68.9767;47357.8
HAM;4524.17;198;4;11890;100;0;8;69.0247;47357.9
HAM;4526.81;199;4;11666;100;0;8;69.0727;47357.9
HAM;4529.47;200;4;11442;100;0;8;69.1207;47357.9
HAM;4532.15;201.8;4;11424;100;0;8;69.1687;47358
HAM;4534.85;203.6;4;11408;100;0;8;69.2167;47358
HAM;4537.58;205.4;4;11390;100;0;8;69.2647;47358.1
HAM;4540.33;207.2;4;11374;100;0;8;69.3127;47358.1
HAM;4543.11;209;5;11357;100;0;8;69.3607;47358.2
HAM;4545.9;210.24;5;11449;100;0;8;69.4087;47358.2
HAM;4548.71;211.48;5;11542;100;0;8;69.4566;47358.3
HAM;4551.54;212.72;5;11634;100;0;8;69.5046;47358.3
HAM;4554.38;213.96;5;11727;100;0;8;69.5526;47358.4
HAM;4557.24;215.2;5;11820;100;0;8;69.6006;47358.4
HAM;4560.12;216.477;5;11861;100;0;8;69.6486;47358.5
HAM;4563.02;217.754;5;11902;100;0;8;69.6966;47358.5
HAM;4565.93;219.031;5;11944;100;0;8;69.7446;47358.6
HAM;4568.86;220.308;5;11985;100;0;8;69.7926;47358.6
HAM;4571.8;221.585;5;12027;100;0;8;69.8406;47358.7
HAM;4574.76;222.837;5;11859;100;0;8;69.8886;47358.7
HAM;4577.74;224.089;5;11691;100;0;8;69.9366;47358.8
HAM;4580.74;225.341;5;11523;100;0;8;69.9846;47358.8
HAM;4583.75;226.592;5;11355;100;0;8;70.0326;47358.9
HAM;4586.78;227.844;6;11187;100;0;8;70.0806;47358.9
HAM;4589.82;229.06;6;11146;100;0;8;70.1285;47359
HAM;4592.89;230.275;6;11105;100;0;8;70.1765;47359
HAM;4595.96;231.491;6;11064;100;0;8;70.2245;47359.1
HAM;4599.06;232.707;6;11023;100;0;8;70.2725;47359.1
HAM;4602.17;233.922;6;10982;100;0;8;70.3205;47359.1
HAM;4605.3;235.089;6;11044;100;0;8;70.3685;47359.2
HAM;4608.44;236.255;6;11106;100;0;8;70.4165;47359.2
HAM;4611.59;237.422;6;11168;100;0;8;70.4645;47359.3
HAM;4614.77;238.588;6;11230;100;0;8;70.5125;47359.3
HAM;4617.96;239.755;6;11293;100;0;8;70.5605;47359.4
HAM;4621.16;240.858;6;11351;100;0;8;70.6085;47359.4
HAM;4624.38;241.96;6;11410;100;0;8;70.6565;47359.5
HAM;4627.61;243.063;6;11468;100;0;8;70.7045;47359.5
HAM;4630.86;244.166;6;11527;100;0;8;70.7525;47359.6
HAM;4634.12;245.269;6;11586;100;0;8;70.8004;47359.6
HAM;4637.4;246.291;6;11619;100;0;8;70.8484;47359.7
HAM;4640.69;247.313;6;11652;100;0;8;70.8964;47359.7
HAM;4643.99;248.335;6;11686;100;0;8;70.9444;47359.8
HAM;4647.31;249.357;6;11719;100;0;8;70.9924;47359.8
HAM;4650.64;250.379;6;11753;100;0;8;71.0404;47359.9
HAM;4653.98;251.302;6;11798;100;0;8;71.0884;47359.9
HAM;4657.34;252.225;6;11844;100;0;8;71.1364;47360
HAM;4660.71;253.148;6;11889;100;0;8;71.1844;47360
HAM;4664.09;254.07;6;11935;100;0;8;71.2324;47360.1
HAM;4667.48;254.993;6;11981;100;0;8;71.2804;47360.1
HAM;4670.89;255.796;6;11756;100;0;8;71.3284;47360.2
HAM;4674.3;256.598;6;11533;100;0;8;71.3764;47360.2
HAM;4677.73;257.401;6;11308;100;0;8;71.4243;47360.3
HAM;4681.17;258.204;6;11085;100;0;8;71.4723;47360.3
HAM;4684.61;259.006;6;10861;100;0;8;71.5203;47360.3
HAM;4688.07;259.666;6;10829;100;0;8;71.5683;47360.4
HAM;4691.54;260.325;6;10798;100;0;8;71.6163;47360.4
HAM;4695.01;260.985;6;10766;100;0;8;71.6643;47360.5
HAM;4698.5;261.645;6;10735;100;0;8;71.7123;47360.5
HAM;4701.99;262.304;7;10704;100;0;8;71.7603;47360.6
HAM;4705.49;262.796;7;10738;100;0;8;71.8083;47360.6
HAM;4709;263.287;7;10773;100;0;8;71.8563;47360.7
HAM;4712.51;263.779;7;10808;100;0;8;71.9043;47360.7
HAM;4716.03;264.271;7;10843;100;0;8;71.9523;47360.8
HAM;4719.55;264.762;7;10878;100;0;8;72.0003;47360.8
HAM;4723.09;265.01;7;10897;100;0;9;72.0483;47360.9
HAM;4726.62;265.257;7;10917;100;0;10;72.0963;47360.9
HAM;4730.16;265.505;7;10936;100;0;11;72.1442;47361
HAM;4733.7;265.752;7;10956;100;0;12;72.1922;47361
HAM;4737.24;266;7;10976;100;0;14;72.2402;47361.1
HAM;4740.8;267.2;7;11015;100;0;14;72.2882;47361.1
HAM;4744.37;268.4;7;11054;100;0;14;72.3362;47361.2
HAM;4747.95;269.6;7;11094;100;0;14;72.3842;47361.2
HAM;4751.56;270.8;7;11133;100;0;14;72.4322;47361.3
HAM;4755.17;272;7;11173;100;0;14;72.4802;47361.3
HAM;4758.81;273;7;11182;100;0;13;72.5282;47361.4
HAM;4762.45;274;7;11191;100;0;13;72.5762;47361.4
HAM;4766.11;275;7;11200;100;0;12;72.6242;47361.5
HAM;4769.79;276;7;11208;100;0;12;72.6722;47361.5
HAM;4773.47;277;7;11218;100;0;12;72.7202;47361.5
HAM;4777.79;277.8;7;11271;100;0;12;72.7761;47361.6
HAM;4782.11;278.6;7;11324;100;0;12;72.8321;47361.7
HAM;4786.45;279.4;7;11377;100;0;12;72.8881;47361.7
HAM;4790.8;280.2;7;11430;100;0;12;72.9441;47361.8
HAM;4795.17;281;7;11484;100;0;12;73.0001;47361.8
HAM;4798.92;281.8;7;11492;100;0;12;73.0481;47361.9
HAM;4802.68;282.6;7;11500;100;0;12;73.0961;47361.9
HAM;4806.46;283.4;7;11508;100;0;12;73.1441;47362
HAM;4810.24;284.2;7;11516;100;0;12;73.1921;47362
HAM;4814.03;285;7;11525;100;0;12;73.2401;47362.1
HAM;4817.84;285.4;7;11560;100;0;12;73.2881;47362.1
HAM;4821.64;285.8;7;11595;100;0;12;73.3361;47362.2
HAM;4825.46;286.2;7;11631;100;0;12;73.3841;47362.2
HAM;4829.27;286.6;7;11666;100;0;12;73.4321;47362.3
HAM;4833.1;287;7;11702;100;0;12;73.48;47362.3
HAM;4836.93;287.6;7;11726;100;0;12;73.528;47362.4
HAM;4840.76;288.2;7;11750;100;0;12;73.576;47362.4
HAM;4844.61;288.8;7;11774;100;0;12;73.624;47362.5
HAM;4848.47;289.4;7;11798;100;0;12;73.672;47362.5
HAM;4852.33;290;7;11823;100;0;12;73.72;47362.5
HAM;4855.57;290.4;7;11837;100;0;12;73.7602;47362.6
HAM;4858.81;290.8;7;11850;100;0;12;73.8004;47362.6
HAM;4862.06;291.2;7;11865;100;0;12;73.8406;47362.7
HAM;4865.31;291.6;7;11878;100;0;12;73.8808;47362.7
HAM;4868.57;292;7;11893;100;0;12;73.921;47362.7
HAM;4872.47;292.6;7;11919;100;0;12;73.969;47362.8
HAM;4876.37;293.2;7;11945;100;0;12;74.017;47362.8
HAM;4880.29;293.8;7;11971;100;0;12;74.065;47362.9
HAM;4884.21;294.4;7;11997;100;0;12;74.1129;47362.9
HAM;4888.14;295;7;12023;100;0;12;74.1609;47363
HAM;4892.07;295.4;7;11830;100;0;12;74.2089;47363
HAM;4896.01;295.8;7;11637;100;0;12;74.2569;47363.1
HAM;4899.96;296.2;7;11445;100;0;12;74.3049;47363.1
HAM;4903.91;296.6;7;11252;100;0;12;74.3529;47363.2
HAM;4907.87;297;7;11060;100;0;12;74.4009;47363.2
HAM;4911.83;297.2;7;10993;100;0;12;74.4489;47363.3
HAM;4915.79;297.4;7;10926;100;0;12;74.4969;47363.3
HAM;4919.76;297.6;7;10860;100;0;12;74.5449;47363.4
HAM;4923.73;297.8;7;10793;100;0;12;74.5929;47363.4
HAM;4927.7;298;8;10727;100;0;12;74.6409;47363.5
HAM;4931.67;298.2;8;10713;100;0;12;74.6889;47363.5
HAM;4935.65;298.4;8;10700;100;0;12;74.7369;47363.6
HAM;4939.63;298.6;8;10686;100;0;12;74.7848;47363.6
HAM;4943.61;298.8;8;10673;100;0;12;74.8328;47363.7
HAM;4947.59;299;8;10660;100;0;12;74.8808;47363.7
HAM;4951.58;299;8;10667;100;0;12;74.9288;47363.8
HAM;4955.57;299;8;10675;100;0;12;74.9768;47363.8
HAM;4959.55;299;8;10682;100;0;12;75.0248;47363.9
HAM;4963.54;299;8;10690;100;0;12;75.0728;47363.9
HAM;4967.52;299;8;10698;100;0;12;75.1208;47363.9
HAM;4971.51;299;8;10696;100;0;12;75.1688;47364
HAM;4975.5;299;8;10695;100;0;12;75.2168;47364
HAM;4979.48;299;8;10694;100;0;12;75.2648;47364.1
HAM;4983.47;299;8;10693;100;0;12;75.3128;47364.1
HAM;4987.45;299;8;10692;100;0;12;75.3608;47364.2
HAM;4991.44;299.2;8;10693;100;0;12;75.4088;47364.2
HAM;4995.43;299.4;8;10695;100;0;12;75.4567;47364.3
HAM;4999.42;299.6;8;10696;100;0;12;75.5047;47364.3
HAM;5003.42;299.8;8;10698;100;0;12;75.5527;47364.4
HAM;5007.42;300;8;10700;100;0;12;75.6007;47364.4
HAM;5011.42;299.8;8;10702;98;0;12;75.6487;47364.5
HAM;5015.41;299.6;8;10705;96;0;12;75.6967;47364.5
HAM;5019.4;299.4;8;10707;94;0;12;75.7447;47364.6
HAM;5023.39;299.2;8;10710;92;0;12;75.7927;47364.6
HAM;5027.38;299;8;10713;91;0;12;75.8407;47364.7
HAM;5032.03;298.6;8;10693;87;0;11;75.8967;47364.7
HAM;5036.67;298.2;8;10674;83;0;10;75.9527;47364.8
HAM;5041.31;297.8;8;10655;80;0;9;76.0087;47364.8
HAM;5045.93;297.4;8;10636;76;0;8;76.0647;47364.9
HAM;5050.56;297;8;10617;73;0;8;76.1206;47364.9
HAM;5054.51;296;8;10585;58;0;8;76.1686;47365
HAM;5058.45;295;8;10554;43;0;8;76.2166;47365
HAM;5062.37;294;8;10523;29;0;8;76.2646;47365.1
HAM;5066.29;293;8;10492;14;0;8;76.3126;47365.1
HAM;5070.19;292;8;10461;0;0;8;76.3606;47365.2
HAM;5074.07;290.8;8;10346;0;0;8;76.4086;47365.2
HAM;5077.94;289.6;8;10231;0;0;8;76.4566;47365.3
HAM;5081.79;288.4;8;10117;0;0;8;76.5046;47365.3
HAM;5085.63;287.2;8;10002;0;0;8;76.5526;47365.4
HAM;5089.45;286;8;9888;0;0;8;76.6006;47365.4
HAM;5093.25;284.6;8;9845;0;0;8;76.6486;47365.5
HAM;5097.04;283.2;8;9803;0;0;8;76.6966;47365.5
HAM;5100.8;281.8;8;9760;0;0;8;76.7446;47365.6
HAM;5104.55;280.4;8;9718;0;0;8;76.7925;47365.6
HAM;5108.28;279;8;9676;0;0;8;76.8405;47365.7
HAM;5111.99;277.4;8;9645;0;0;8;76.8885;47365.7
HAM;5115.68;275.8;8;9615;0;0;8;76.9365;47365.8
HAM;5119.34;274.2;8;9585;0;0;8;76.9845;47365.8
HAM;5122.99;272.6;8;9555;0;0;8;77.0325;47365.9
HAM;5126.61;271;8;9525;0;0;8;77.0805;47365.9
HAM;5130.21;269.4;8;9467;0;0;8;77.1285;47366
HAM;5133.79;267.8;8;9410;0;0;8;77.1765;47366
HAM;5137.35;266.2;8;9353;0;0;8;77.2245;47366.1
HAM;5140.89;264.6;8;9296;0;0;8;77.2725;47366.1
